"1","989363409975046147","wesley_layman","26/4/2018 04:39:53","0","ok i could just be me but i got ONLY explosives from chests (with the exception of meds + shields). and ALL of the… https://t.co/iQbXFhzet4","0"
"2","989363440216035329","UAFortnite","26/4/2018 04:40:00","709","20 Minutes left!

2v2 Global 1nD Fortnite Tournament at 1 AM EST / 10 PM PST.

Signup:

#PS4&gt;&gt;… https://t.co/UuXGIDFjap","192"
"3","989363493915672576","IBA_ALLDAY24","26/4/2018 04:40:13","490","RT @MrPiffington89: Switched back to Fortnite!! Learning and getting REKT lol

#TeamEmmmmsie
#TwitchKittens
#PiffSquad
#DNRCREW
#Fortnite
#…","132"
"4","989363503201947648","Retweelgend","26/4/2018 04:40:15","3797","RT @Toxiic_G_: Back at it boys, we live GET IN HERE #Fortnite #XboxOneX
https://t.co/JXpy58kw1Q      
@TwitchTVOnline @PromoteGamers @Twitc…","1026"
"5","989363504304996352","OlimpoHades","26/4/2018 04:40:15","378","Jugadores mierdas en fornite 50vs50 ","102"
"6","989363506695688192","emchaitanya","26/4/2018 04:40:16","10","RT @JacquesAtwoodYT: Enter my Gaming Headset Giveaway: https://t.co/5x4v8X0A1l… #whaspoppin #giveaway #youtuber #vlogger #GiveawayAlert #Yo…","3"
"7","989363508260327425","Atrxes","26/4/2018 04:40:16","9","#Fortnite
https://t.co/lR4FjnKq4E","2"
"8","989363524920070144","Stasadam2","26/4/2018 04:40:20","7","RT @TheDuffelBag_: Click link to enter TheDuffelBag's Relaunch Giveaway: https://t.co/oolMOSZp8l

Thank you to @ShortStackLab for working w…","2"
"9","989363551297925121","NuggiNugget","26/4/2018 04:40:26","8309","RT @sssniperwolf: #fortnite power chord cosplay ","2246"
"10","989363553659506688","BeholdLIVE","26/4/2018 04:40:27","718","RT @iAmZeGinger: I missed streaming this week. We back and better than ever! Come hangout with me for a bit at https://t.co/am7ECAH70U ! #t…","194"
"11","989363565730516992","makeupbyren","26/4/2018 04:40:30","1552","#worthit #VictoryRoyale #fortnite #single #geekgirl https://t.co/V4MasQownk","419"
"12","989363579559268352","TacticalStoner","26/4/2018 04:40:33","1","Come chill in my stream.... going live now
‼️Link is in Bio‼️
#420 #Weed #Fortnite #Twitch… https://t.co/j3gKP2mgTD","0"
"13","989363588774223873","IchmagScheisse","26/4/2018 04:40:35","160","RT @stupidGAW: ⫸ #PSC #GIVEAWAY

» Gewinn
  › 2x 25€ PSC
  › 2x 1 UFA
  › 2x 15 Random #Fortnite Accounts (mit Skins, o. ä.)

» Teilnehmen…","43"
"14","989363594612617217","Bossard64661077","26/4/2018 04:40:37","116","RT @FortniteFRW: ","31"
"15","989363616095850497","6V0_0V9","26/4/2018 04:40:42","1114","RT @FortniteBTR: Dark Vanguard &amp; Deep Space Lander Giveaway!

Just Retweet This &amp; Follow Me + @InnovateGG To Win✅

Winner Soon","301"
"16","989363617912033280","iTend2GoBEAST","26/4/2018 04:40:42","86","""Get that grenade on his head..."" This that flexicution!  #Fortnite #Flexicution #FortniteBattleRoyale… https://t.co/2j1Nhmt53c","23"
"17","989363623142281216","twitchRTlive","26/4/2018 04:40:43","0","RT @Kite_Fonz: @streamunity @twitchRTlive @TwitchRetweetsU @TwitchRetweett @TwitchRetweet_ @smallstreamerco @fortnitestream @ShawnAbner @Pu…","0"
"18","989363644944314368","Dpop294","26/4/2018 04:40:49","2083","RT @Fortnite_BR: This guy was trolling in 50v50 and got what he deserved. #Fortnite

Credit : StealthNinja_X https://t.co/CyfRwdAMb9","563"
"19","989363663692677120","IBA_ALLDAY24","26/4/2018 04:40:53","494","RT @AceofSkull11558: I am #livestreaming #Fortnite over on #twitch come by and chat with us. 
@WeRTFortnite
@ShoutGamers 
@gridcoreRTs 
@Ni…","134"
"20","989363679136309248","triizmatic","26/4/2018 04:40:57","1682","RT @Fortnite_BR: This guy was trolling in 50v50 and got what he deserved. #Fortnite

Credit : StealthNinja_X https://t.co/CyfRwdAMb9","455"
"21","989363683326242816","diniezahkaria","26/4/2018 04:40:58","6944","RT @Fortnite_BR: This guy was trolling in 50v50 and got what he deserved. #Fortnite

Credit : StealthNinja_X https://t.co/CyfRwdAMb9","1877"
"22","989363684676956161","ReadySetStream2","26/4/2018 04:40:58","22108","RT @QgYesboi: Road To My Goal https://t.co/EzlHiOxaFC #stream # twitch #fortnite #battleroyal ##team #50v50 #gamer #game #xbox","5975"
"23","989363690859249665","webgirin","26/4/2018 04:41:00","1114","フォートナイト…無料ってだけで流行ってしまう「要塞作るの楽し過ぎ」「海外プロゲーマーの動きは頭おかしい」 https://t.co/zEbLWxkWdK

#ゲーム #フォートナイト #FORTNITE #PUBG #ドン勝… https://t.co/OoJWABwqiG","301"
"24","989363710408839168","Yuu6298724","26/4/2018 04:41:04","27304","RT @FortniteBR: Fortnite Battle Royale Cosmetics for April 26th, 2018 #Fortnite https://t.co/2iU2BOjSWj","7379"
"25","989363738816974848","denniskeesee","26/4/2018 04:41:11","1484",,"401"
"26","989363751974387713","sousen66","26/4/2018 04:41:14","1757","RT @_Wara1: 人間やめた
#fortnite #フォートナイト https://t.co/lXNAKpxobU","475"
"27","989363754302410754","tadams0827","26/4/2018 04:41:15","1810","RT @Fortnite_BR: This guy was trolling in 50v50 and got what he deserved. #Fortnite

Credit : StealthNinja_X https://t.co/CyfRwdAMb9","489"
"28","989363804235419648","Yzuriha_Inori","26/4/2018 04:41:27","13762","RT @Fortnite_BR: This guy was trolling in 50v50 and got what he deserved. #Fortnite

Credit : StealthNinja_X https://t.co/CyfRwdAMb9","3719"
"29","989363839790604288","BiffTanner94","26/4/2018 04:41:35","488","Just wanted to say thanks to everyone that followed today! Your much appreciated! If you like gameplay of #Fortnite… https://t.co/dpeEwDs8ru","132"
"30","989363841854296064","itamargiveaways","26/4/2018 04:41:36","1472","RT @FortniteBTR: Dark Vanguard &amp; Deep Space Lander Giveaway!

Just Retweet This &amp; Follow Me + @InnovateGG To Win✅

Winner Soon","398"
"31","989363844744138752","JoshG_Gaming","26/4/2018 04:41:36","272","RT @Fortnite_BR: This guy was trolling in 50v50 and got what he deserved. #Fortnite

Credit : StealthNinja_X https://t.co/CyfRwdAMb9","74"
"32","989363873928171520","Jide__","26/4/2018 04:41:43","3665",,"991"
"33","989363881062666240","peterst55915825","26/4/2018 04:41:45","216","RT @BattleRoyaleEN: ","58"
"34","989363891317739520","darktroll69780","26/4/2018 04:41:47","24569","RT @xXPsYkO17Xx: Je suis un gamin ","6640"
"35","989363901723697153","roots0801","26/4/2018 04:41:50","17457","当たった！？　 #PS4share　#Fortnite #フォートナイト

https://t.co/q7ITs8JtHd https://t.co/vR7CPVChUp","4718"
"36","989363947156525056","BerkCan24112000","26/4/2018 04:42:01","565","RT @FortniteBTR: Dark Vanguard &amp; Deep Space Lander Giveaway!

Just Retweet This &amp; Follow Me + @InnovateGG To Win✅

Winner Soon","153"
"37","989363952772636673","BodyTheField","26/4/2018 04:42:02","96",,"26"
"38","989363952877490179","BodyTheField","26/4/2018 04:42:02","96",,"26"
"39","989363997928558592","_Merazz","26/4/2018 04:42:13","1403","Im live come hang with me ! #twitch #fortnitemeteor #fortnite #FortniteBattleRoyale 
https://t.co/09KszXG0ky","379"
"40","989363999983665153","Savitar99","26/4/2018 04:42:13","5125","RT @FortniteBR: Fortnite Battle Royale Cosmetics for April 26th, 2018 #Fortnite https://t.co/2iU2BOjSWj","1385"
"41","989364003511160833","mahnimisjef","26/4/2018 04:42:14","733","RT @FortniteXL: INSANE #FORTNITE 6000 V-BUCKS GIVEAWAY!

All you have to do is:

• Retweet
• Follow us

Comment ''DONE'' to win! Good luck!…","198"
"42","989364015531937792","jossan_gaming","26/4/2018 04:42:17","29","あぁ、フォートナイト遊びたい・・・
#フォートナイト #fortnite","8"
"43","989364018530877440","ItsCliffGaming","26/4/2018 04:42:18","173","@coffeeandpibbles hit me with a big (almost fatal) troll tonight!
#fortnitebattleroyale #fortnite https://t.co/F134N0OAzU #ItsCliffGaming","47"
"44","989364028672741376","JerrynYcrypto","26/4/2018 04:42:20","307","RT @reddcoin: New https://t.co/se8rkpLUFP feature! #ReddHead #gamers, if #Fortnite isn't your thing, how about #Overwatch League? #OWL2018…","83"
"45","989364041851244546","OMGItsRayy","26/4/2018 04:42:23","1438","RT @Noelofakind: (ENG PC) Good vibes with beautiful people &lt;3 https://t.co/RDgVMaHBqo #twitch #twitchtv #stream #streamer #gaming #gamer #f…","389"
"46","989364061983797248","Kite_0044","26/4/2018 04:42:28","1682","RT @chellylily: スキン返品画面にはアイテムショップで三角でいけます。購入から30日以内のスキン、エモート、グライダー等のみで、三回までしか返品不可です。#フォートナイト　#Fortnite https://t.co/pG3JK88BfD","455"
"47","989364067654651904","Mexi_Can0311","26/4/2018 04:42:29","25","RT @princeayeeeali: 1v7 solo v squad clutch boiii
Imma stop posting all my clips on twitter and start posting all clips on twitch so follow…","7"
"48","989364076437532673","ReadySetGame3","26/4/2018 04:42:31","8","RT @tristenreed5: MONDAY Streaming Fortnite! #twitch #live #video #game #twitter #fortnite #today #gaming #FortniteBattleRoyale #follow #re…","2"
"49","989364085497053185","sergioloading","26/4/2018 04:42:34","827","RT @SypherPK: This shoudn't even be allowed. ","224"
"50","989364097585106944","HeyFraser","26/4/2018 04:42:37","1166","Noobs are assholes #fortnite. I’m hiding in a tree.  You tear it down. Stop playing fortnite!!!!!!!!!!!!","315"
"51","989364103885021185","juansehm10","26/4/2018 04:42:38","7","I got wreched by Ninja #fortnite #ninja https://t.co/FUcctsBaoq","2"
"52","989364151981150208","swimbitchs","26/4/2018 04:42:49","1829","RT @FortniteFrance: ","494"
"53","989364163947442176","TycenYT","26/4/2018 04:42:52","3789","@Youtubable Share this crazy new noise dude https://t.co/N0FL09wa9w","1024"
"54","989364195446566912","UMGOnline","26/4/2018 04:43:00","326","X1 #Fortnite Players -

The battle bus launches soon for the upcoming 1v1 #FortniteBR tournaments:
1:00am EST… https://t.co/oFZOr0cUrB","88"
"55","989364196054896640","Tropical_XVIII","26/4/2018 04:43:00","2385","MonkaS https://t.co/Gdkb7bEcgv","645"
"56","989364208625123329","Bra2ss_HmeeD","26/4/2018 04:43:03","1331","RT @Bennnzz: CONCOURS ","360"
"57","989364219375054848","Jacobcusmir1","26/4/2018 04:43:06","1","RT @FortniteBTR: Dark Vanguard &amp; Deep Space Lander Giveaway!

Just Retweet This &amp; Follow Me + @InnovateGG To Win✅

Winner Soon","0"
"58","989364235414130688","Rarecandy31","26/4/2018 04:43:09","972","Just messing around off-stream on #PS4, but got one of my luckiest snipes ever. #Fortnite #FortniteClips #Twitch… https://t.co/z73YZmXCal","263"
"59","989364242288664576","muksch_simon","26/4/2018 04:43:11","1","RT @SypherPK: THE STICKY GERNADE HEADSHOT

https://t.co/7WbMvHTCaE #Fortnite https://t.co/qNfsP8Bbs2","0"
"60","989364260219244544","maguro__donburi","26/4/2018 04:43:15","55","RT @Re_LIME: フォートナイトの(紹介?)動画的なのを、簡単にですが作ってみました！
良かったら見てくれると嬉しいです✨

#fortnite
#フォートナイト
#FortniteBattleRoyale https://t.co/suPUctD1nf","15"
"61","989364268884680704","EthixLab","26/4/2018 04:43:17","27857","@Fortnite_BR @FortniteRTer @FortniteRTss https://t.co/Te7XlnveYD","7529"
"62","989364271422234624","davidwkelley","26/4/2018 04:43:18","1348","@PUBG_help dear, @PUBG your network lag detected message is a bit patronizing. Yes, your servers suck. Please, get more! #fortnite?","364"
"63","989364277982253057","Zyaldar","26/4/2018 04:43:20","64235","What a great night for #FortNite! Had a blast playing with some friends: @rfd4534, @JosephAllen,  @sweetadeline14 a… https://t.co/emqzPlbjRS","17361"
"64","989364281098539008","mc_nekfroid","26/4/2018 04:43:20","340","RT @Frxxze: ","92"
"65","989364288644177920","Maxime03258365","26/4/2018 04:43:22","720","RT @Bennnzz: CONCOURS ","195"
"66","989364297666048000","Mesh98Safari","26/4/2018 04:43:24","2344","RT @LITSStreamTeam: ","634"
"67","989364299758882817","J5mhgR","26/4/2018 04:43:25","946","RT @Rays_q_: フォートナイトのヘッダー依頼で作りました","256"
"68","989364299868049409","Dylanclyne1","26/4/2018 04:43:25","3748","RT @FortniteBTR: Dark Vanguard &amp; Deep Space Lander Giveaway!

Just Retweet This &amp; Follow Me + @InnovateGG To Win✅

Winner Soon","1013"
"69","989364300392222720","thexrayz","26/4/2018 04:43:25","250","RT @FortniteBR: Fortnite Battle Royale Cosmetics for April 26th, 2018 #Fortnite https://t.co/2iU2BOjSWj","68"
"70","989364337943855104","kouki9750716","26/4/2018 04:43:34","32","RT @Rays_q_: フォートナイトのヘッダー依頼で作りました","9"
"71","989364344248037377","Stoopkxd","26/4/2018 04:43:35","776","There are no bushes on top of the tilted buildings ","210"
"72","989364369359343622","6V0_0V9","26/4/2018 04:43:41","1115","RT @TheDuffelBag_: Click link to enter TheDuffelBag's Relaunch Giveaway: https://t.co/oolMOSZp8l

Thank you to @ShortStackLab for working w…","301"
"73","989364392264437760","exacutorz","26/4/2018 04:43:47","155","RT @NWGaming1: 50v50 #Fortnite #Waveformgaming #Twitch @Supstreamers live at https://t.co/69sFboV0Jg","42"
"74","989364409335144448","DabgodHd","26/4/2018 04:43:51","5731","LIVE
ROAD TO 1000 FOLLOWS 
#Fortnite
#FortniteBattleRoyale 
https://t.co/pXBQtKzJYk… https://t.co/FUfJ4YPVkQ","1549"
"75","989364412048797697","violet_Vodka810","26/4/2018 04:43:51","158","RT @FortniteBR: Fortnite Battle Royale Cosmetics for April 26th, 2018 #Fortnite https://t.co/2iU2BOjSWj","43"
"76","989364425332330496","ZScriptZGaming","26/4/2018 04:43:55","473","Quick start for me and my buddy Tristan the other day. #Fortnite #Multikill #shiftyshafts #duos ZScriptZ streaming… https://t.co/5VHX0vO1rV","128"
"77","989364434450636800","texas_is_mycity","26/4/2018 04:43:57","1581","RT @SypherPK: This shoudn't even be allowed. ","427"
"78","989364436258275328","trworden","26/4/2018 04:43:57","3814","First time watching @Ninja's #Fortnite stream and wow, there are 120,000 people watching live | Game Time https://t.co/uquD8GidrU","1031"
"79","989364442059149312","PlumpChase","26/4/2018 04:43:59","0","Who would have thought my main enemy in #fortnite would be the ground?","0"
"80","989364447272632320","Atom447","26/4/2018 04:44:00","12","RT @AdvanzeedGear: Fast #Fortnite bundle giveaway

Retweet this

follow @NoenNHR 

rt his pinned (we will check)

winner in 30 min https://…","3"
"81","989364451064270848","Mikaboshi_S","26/4/2018 04:44:01","2426","ps4でフォートナイト50vs50プレイ中、
ティルテッド付近にいた時
流れ星が明らかにティルテッドのマップ内に落ちて、見に行ったら紫色の煙が充満してたんだけど、
誰か同じようなもの見た人いませんか？

焦ってホーム押したから録画できてない

#fortnite
#フォートナイト","656"
"82","989364460287680512","Spe3dyGames","26/4/2018 04:44:03","1129","RT @NoenNHR: Free skin https://t.co/xqCmV1ZYV3","305"
"83","989364513928396800","ecoliseumtv","26/4/2018 04:44:16","173","RT @ASAPMOB: LA - JOIN @AsapTwelvyy @ecoliseumtv FOR #FORTNITE FRIDAY | TIX: https://t.co/wUM8FLYZFQ https://t.co/Gum4XuIuOj","47"
"84","989364535256481792","ig_Obae","26/4/2018 04:44:21","2565","RT @whatsdeeproblem: GUESS WHO'S HOME :D Come hangout! 

#twitch #twitchstreamer #positivitystream #chillstream #smallsteamers #supportsmal…","693"
"85","989364534191079424","yucchaman_game","26/4/2018 04:44:21","15770","え、なにこれ超欲しい(ちょびピンクに弱すぎる馬男氏)←　#Fortnite #PS4share https://t.co/LfFLkk493g","4262"
"86","989364542139351040","abrum2414","26/4/2018 04:44:23","27569","RT @rhettmc: How many times do I have to die in #Fortnite before I’m actually dead inside?","7451"
"87","989364544278581250","DontaeGrose","26/4/2018 04:44:23","16573","FORTNITE SCHEDULES SERVES SHUTDOWN AGAIN TONIGHT! FORTNITE SERVERS OFFLINE AGAIN!
#Fortnite
#FortniteBattleRoyale… https://t.co/DU3tcHHR0i","4479"
"88","989364585193877504","Mlq79123253","26/4/2018 04:44:33","1","フォートナイト飽きたので売ることにしました。

レベル90 ティア100
残りコイン1000
ラブレンジャー追加
ユニフォーム、釜多数

値段は6000円でよろしくお願いします。
 #フォートナイトアカウント
#フォートナイト… https://t.co/Q7yRZA0GwS","0"
"89","989364596677885952","Ethanknudsen17","26/4/2018 04:44:36","63","RT @rhettmc: How many times do I have to die in #Fortnite before I’m actually dead inside?","17"
"90","989364607792898048","moddedgodz","26/4/2018 04:44:38","265",,"72"
"91","989364620988178433","SBeardz","26/4/2018 04:44:41","5","Costream with my boys icymedic and Cobra. Come watch and follow #MixerStreamers #Fortnite #beard #xbox https://t.co/rdmZxLliRW","1"
"92","989364625077497856","MythicSouls","26/4/2018 04:44:42","17354","RT @SypherPK: This shoudn't even be allowed. ","4690"
"93","989364675388289024","Browstown","26/4/2018 04:44:54","708","RT @FortniteEA: SORTEO:
GÁNATE 13,500 V-BUCKS.
SIGUE A: @FortniteEA @AltsJesus 
DAR RT Y MG!
MENCIONAR 2 AMIGOS","191"
"94","989364677170917376","JohnDestroHN","26/4/2018 04:44:55","2895","RT @FortniteBTR: Dark Vanguard &amp; Deep Space Lander Giveaway!

Just Retweet This &amp; Follow Me + @InnovateGG To Win✅

Winner Soon","782"
"95","989364678672502785","TheAuxority","26/4/2018 04:44:55","1426","RT @NoenNHR: Fast #Fortnite Bunny brawler giveaway+1k v bucks!

Dont play fortnite? Take 25 paypal or any GIFTCARD (any currency)

Retweet…","385"
"96","989364694938013698","InomoCosplay","26/4/2018 04:44:59","1210","RT @rhettmc: How many times do I have to die in #Fortnite before I’m actually dead inside?","327"
"97","989364695072198657","JackTV19","26/4/2018 04:44:59","1382","RT @BattleRoyaleUK: ","374"
"98","989364699887267840","UAFortnite","26/4/2018 04:45:00","709","1v1 Global 1nD Fortnite Tournament at 2 AM EST / 11 PM PST.

Signup:

#PS4&gt;&gt; https://t.co/cqlpXIGRt3

#XB1&gt;&gt;… https://t.co/yaARxWjp7B","192"
"99","989364712310738945","SGH_RTs","26/4/2018 04:45:03","107","RT @moddedgodz: ","29"
"100","989364725279481857","kongou_1207","26/4/2018 04:45:06","4698","RT @FortniteJP: おぉ！！ かっこいいです！ 

#リプレイロイヤル

(みんなさま、リプレイ機能を使って動画投稿する際は #リプレイロイヤル をお願いします！探しやすくなります！) https://t.co/kSyic9WMVf","1270"
"101","989364726231597056","KinqLuca","26/4/2018 04:45:06","598","RT @RKylz: ","162"
"102","989364772389896192","ig_Obae","26/4/2018 04:45:17","2572","RT @moddedgodz: ","695"
"103","989364792392650752","JoccoIavagnilio","26/4/2018 04:45:22","6485","RT @FortniteCentraI: Who wants $10 ready for the next Battle Pass? #Fortnite 

Retweet &amp; Follow Us!

Keep an eye on DM’s ☺️ https://t.co/c4…","1753"
"104","989364798902054912","510games","26/4/2018 04:45:24","577","RT @Rays_q_: フォートナイトのヘッダー依頼で作りました","156"
"105","989364799191638017","George57785243","26/4/2018 04:45:24","13","RT @FortniteTrendin: ","4"
"106","989364809266270209","Travidoris","26/4/2018 04:45:26","195","Raging On Fortnite Come Enjoy!! Come Support The Stream! #Instagram #Snapchat #Fortnite #Youtube #Mixer #Twitch… https://t.co/9gQGbm5K8Z","53"
"107","989364831898697728","RKaeris","26/4/2018 04:45:32","43","RT @FortniteFrance: ","12"
"108","989364851372974080","Cottoncele","26/4/2018 04:45:36","0","RT @FortniteBTR: Dark Vanguard &amp; Deep Space Lander Giveaway!

Just Retweet This &amp; Follow Me + @InnovateGG To Win✅

Winner Soon","0"
"109","989364859929153536","Hussein_A7","26/4/2018 04:45:38","7187","RT @rhettmc: How many times do I have to die in #Fortnite before I’m actually dead inside?","1942"
"110","989364880573480961","_Chris_Estrada_","26/4/2018 04:45:43","13311","RT @rhettmc: How many times do I have to die in #Fortnite before I’m actually dead inside?","3598"
"111","989364888177922048","kingmthegamer1","26/4/2018 04:45:45","1116","RT @BronxTaleGaming: STREAM IS LIVE NOW! #Fortnite #ABTGaming
@ShoutGamers @RogueRTs @FameRTR","302"
"112","989364909350838273","URAKAAW","26/4/2018 04:45:50","808","RT @rhettmc: How many times do I have to die in #Fortnite before I’m actually dead inside?","218"
"113","989364912395710464","ABoydDesigns","26/4/2018 04:45:51","8","RT @StreamMe: We're excited to announce our newest giveaway! Make sure to follow the instructions below, good luck.

#iPhone8 &amp; 2,800 #Fort…","2"
"114","989364914639851520","George57785243","26/4/2018 04:45:51","13","RT @Frxxze: ","4"
"115","989364934671847424","readysettwitch","26/4/2018 04:45:56","14325","RT @brandinio96: Playing some #Fortnite, trying to get to 400 Wins, currently on 356 - let’s gooooo https://t.co/WAlJFgVYVN #fortnite #fort…","3872"
"116","989364935686803456","ScottSmith2011","26/4/2018 04:45:56","3044","PUTTING IN WORK. Lol. https://t.co/WgYGu6UhJV","823"
"117","989364938186489856","dykstra28","26/4/2018 04:45:57","6351","#Fortnite has taken over my life... https://t.co/RMqRZDjR7H","1716"
"118","989364947556614144","sana178_e","26/4/2018 04:45:59","9","フォートナイトオフ会とかやったら楽しそう！

#フォートナイト
#Fortnite
#フォートナイトios
#フォートナイトスマホ版
#フォートナイト招待コード","2"
"119","989364962001797121","hotgaminglatina","26/4/2018 04:46:03","42","Credit: Unkown 
#brooklyn #fierce #fire #throwback  #lovegaming #femalegamer #hotgaminglatina #gamer #repost #new… https://t.co/eIOjNHrr2p","11"
"120","989364965810233344","webgirin","26/4/2018 04:46:04","1114","ワイ将…フォートナイトが楽しすぎて眠れない「世界観がポップでコミカルやから殺られてもイライラが少ない」 https://t.co/FceF44OIGw

#ゲーム #フォートナイト #FORTNITE #PUBG #荒野行動… https://t.co/W1ZQNqlXO5","301"
"121","989364987956289536","byTrigonGHG","26/4/2018 04:46:09","347","RT @FortniteTrendin: ","94"
"122","989364997397630976","Ghosteddgaming","26/4/2018 04:46:11","324","@PayasitoMorales @FortniteGame @fortnite_leaks @FortniteBR https://t.co/DmR0NXAucw lol","88"
"123","989364999825932288","__Rimoo","26/4/2018 04:46:12","10018","RT @M1ckey_cohen: #PS4share
#Fortnite
＃ロシアの呼吸法

「ロシアの呼吸法システマを覚えてからというもの、緊急事態でも対処できるようになりました。」

https://t.co/RxBwDZl4F5 https://t.co/Qm6U1Wp…","2708"
"124","989365007912710144","YourMindAches","26/4/2018 04:46:14","38155","RT @rhettmc: How many times do I have to die in #Fortnite before I’m actually dead inside?","10312"
"125","989365010903203841","KaylaLenoree","26/4/2018 04:46:14","1534","RT @EllisKaleb: only need like 13 more! please help and follow and support and i'll return the favor! #twitchkittens #fortnite #supportsmal…","415"
"126","989365014615281664","jjessee9","26/4/2018 04:46:15","18366","First full stream as a #TwitchAffiliate .  Still just as bad at video games as when I first started.  Playing… https://t.co/D2txkgeTuL","4964"
"127","989365053194301440","510games","26/4/2018 04:46:24","577","RT @Rays_q_: 相方がやってたから久しぶりにやる。
依頼気軽に頼んでくれたら下の画像みたいなの作ります。(作るの遅くなると思いますけど","156"
"128","989365054318428160","OttoBaughman12","26/4/2018 04:46:25","124","RT @NoenNHR: Free skin https://t.co/xqCmV1ZYV3","34"
"129","989365061398413312","brennennstream","26/4/2018 04:46:26","320","RT @StreamingDatDub: Night Stream &amp; Chill

LIVE NOW #FORTNITE - Come Chat https://t.co/1BLE4rrtcx

@TwitchOnline 
@TwitchSharing 
@TwitchTV…","86"
"130","989365084429410304","anthonyund1","26/4/2018 04:46:32","1715","Good #fortnite stream today guys!","464"
"131","989365094269124608","4juan","26/4/2018 04:46:34","14251","RT @GamingINTELcom: ","3852"
"132","989365106860548096","Keya911","26/4/2018 04:46:37","2623",,"709"
"133","989365107422613505","ChinitaPowPow","26/4/2018 04:46:37","833","#fortnite  #PS4share https://t.co/PmvBq4mBzu","225"
"134","989365116591321088","QueenAmazi","26/4/2018 04:46:39","51614","I’m tired of #50vs50. Fuckin teammates are shit. They’re either hiding in water, ducked off in a bush or not helpin… https://t.co/uowUARInAL","13950"
"135","989365123696463872","MiniatureKing","26/4/2018 04:46:41","1536","Do you think tilted towers is going to get destroyed? #Fortnite #FortniteEsports","415"
"136","989365128213794816","Arialexandertv","26/4/2018 04:46:42","354","Man! Si me cabrea Jugar #Fortnite con @imjrgrant 
Osea literal le mando una maldita solicitud y no la acepta, apart… https://t.co/HF4rQBXEzV","96"
"137","989365132533878790","AlexDec21","26/4/2018 04:46:43","2071","RT @FortniteFrance: ","560"
"138","989365148946120705","uzichqn","26/4/2018 04:46:47","1267","誰でも構わないのでフォトナパーティ組める方いませんか、、、

#フォトナ
#フォートナイト
#Fortnite","342"
"139","989365155069906946","Madabber710","26/4/2018 04:46:49","281","Come say what’s up let’s talk fortnite https://t.co/fwbQ7kKXKL #fortnite #fortnitebr #FortniteBattleRoyale… https://t.co/kBJAxBvjaq","76"
"140","989365162523029504","synacus","26/4/2018 04:46:50","1894","RT @gaming_bell: Fortnite Wins with my girls Monsta &amp; M!she . They are to PRO!

#FORTNITE #smallyoutubers #FortniteBattleRoyale #fortnitewi…","512"
"141","989365164901199872","NovaFoxTech","26/4/2018 04:46:51","4008","I feelin' more stream tonight. #Fortnite or #Overwatch?! Hmm...","1083"
"142","989365170840326144","SandsLoZ","26/4/2018 04:46:52","739","How'd that bullet taste?? #fortnite @FlyRts @SGH_RTs https://t.co/u4uFfaGMr9","200"
"143","989365209058988032","eddie_ssc27","26/4/2018 04:47:02","202","RT @FortniteFrance: ","55"
"144","989365211672076288","Two_Pinky_Ringz","26/4/2018 04:47:02","452","RT @DotEsportsLive: Lagging on #Fortnite be like 

Credit @XzitThamer https://t.co/a6t9KpUufr","122"
"145","989365211915345921","SGH_RTs","26/4/2018 04:47:02","107","RT @SandsLoZ: How'd that bullet taste?? #fortnite @FlyRts @SGH_RTs https://t.co/u4uFfaGMr9","29"
"146","989365230475137024","arsanj10","26/4/2018 04:47:07","1520","RT @EpicPlaysGG: EZ Snipes ","411"
"147","989365291917422598","jjessee9","26/4/2018 04:47:21","18366","First full stream as a #TwitchAffiliate .  Still just as bad at video games as when I first started.  Playing… https://t.co/Svvq4fU0sK","4964"
"148","989365299152670720","BrattebSindre","26/4/2018 04:47:23","3","RT @FortniteBTR: Dark Vanguard &amp; Deep Space Lander Giveaway!

Just Retweet This &amp; Follow Me + @InnovateGG To Win✅

Winner Soon","1"
"149","989365306182242304","fortnite_vines","26/4/2018 04:47:25","0","Traded the Scar for his life 

Credit: austincolepage/Reddit 

#fortnitememe #FortniteGame #FortniteClips… https://t.co/qNflmYn48v","0"
"150","989365311358013440","m7vlx","26/4/2018 04:47:26","43","@TMFaisalx @NVIDIAGeForceME احبك
#TMGEFORCE 
#Fortnite 31","12"
"151","989365322498084864","poppa_bonna","26/4/2018 04:47:29","8855","RT @rhettmc: How many times do I have to die in #Fortnite before I’m actually dead inside?","2393"
"152","989365328546164736","thesabrinarazak","26/4/2018 04:47:30","63691","RT @rhettmc: How many times do I have to die in #Fortnite before I’m actually dead inside?","17214"
"153","989365330098212864","P_P_T_S_","26/4/2018 04:47:30","270","Fortnite Squad @1
PSVC必須　FF外歓迎
#Fortnite #フォートナイト","73"
"154","989365333654781952","EGaparova","26/4/2018 04:47:31","20","RT @TheDuffelBag_: Click link to enter TheDuffelBag's Relaunch Giveaway: https://t.co/oolMOSZp8l

Thank you to @ShortStackLab for working w…","5"
"155","989365343377379328","kanani_ona_alii","26/4/2018 04:47:34","5026","RT @MarcelloCRT: When the squad leaves you but you keep looting and get caught by the storm #Fortnite ⛈ https://t.co/GdgnaMM0xg","1358"
"156","989365354399924224","juanse10hm","26/4/2018 04:47:36","153","I got wrecked by ninja #fortnite #ninja https://t.co/yGS1aaY13R","41"
"157","989365355557605376","IValkyriexI","26/4/2018 04:47:36","284","RT @Dexerto: 13 year olds on MW2 vs. on #fortnite

Credit : @LogCabin2s https://t.co/IuwAXHTZzz","77"
"158","989365367813394434","clementdugal","26/4/2018 04:47:39","2262","RT @Fortnite_BR: This guy was trolling in 50v50 and got what he deserved. #Fortnite

Credit : StealthNinja_X https://t.co/CyfRwdAMb9","611"
"159","989365381021118464","ZEUS_Ar_milky","26/4/2018 04:47:43","601","フォトナ次のシーズンはバトルパス買うつもりなんで一緒に遊んでくれる方募集しまーす
#フォートナイト
#フォートナイトフレンド募集
#fortnite","162"
"160","989365393256058880","lemonygamer","26/4/2018 04:47:45","100","my submission for #replayroyale #fortnite  @FortniteGame https://t.co/gcBJGiBkR5","27"
"161","989365395910995977","juanse10hm","26/4/2018 04:47:46","154","RT @juanse10hm: I got wrecked by ninja #fortnite #ninja https://t.co/yGS1aaY13R","42"
"162","989365417461407744","fernand98899071","26/4/2018 04:47:51","2188",,"591"
"163","989365426734977024","theShesKraftE","26/4/2018 04:47:53","2896","RT @codyjamesboyer: Impulse Grenade OP ","783"
"164","989365427003445248","Schneidingz","26/4/2018 04:47:53","5",,"1"
"165","989365445546401792","Imchildishasf","26/4/2018 04:47:58","11849","RT @rhettmc: How many times do I have to die in #Fortnite before I’m actually dead inside?","3202"
"166","989365445378617345","iSpeakL0ud","26/4/2018 04:47:58","10294","RT @Fortnite_BR: This guy was trolling in 50v50 and got what he deserved. #Fortnite

Credit : StealthNinja_X https://t.co/CyfRwdAMb9","2782"
"167","989365455696678913","FlyRts","26/4/2018 04:48:00","13302","RT @SandsLoZ: How'd that bullet taste?? #fortnite @FlyRts @SGH_RTs https://t.co/u4uFfaGMr9","3595"
"168","989365478782001152","Shiro_taman58","26/4/2018 04:48:06","2889","RT @mhw_hanayo: 流星群の如く99%散るフォトナを始めて3日くらいの超初心者","781"
"169","989365482695217152","youmudda","26/4/2018 04:48:07","858","RT @rhettmc: How many times do I have to die in #Fortnite before I’m actually dead inside?","232"
"170","989365502903435265","barnet_gary","26/4/2018 04:48:12","77","RT @opseat: Will we be seeing you on the #Fortnite battlefield? ","21"
"171","989365504052813824","heichhorn2000","26/4/2018 04:48:12","2593","RT @RazorsEdge_org: #indiegamedev 's always want to know who is the best to cover their game.   I created a page for #twitch #youtube and #…","701"
"172","989365542786973696","ig_Obae","26/4/2018 04:48:21","2594","RT @StreamingDatDub: Night Stream &amp; Chill

LIVE NOW #FORTNITE - Come Chat https://t.co/1BLE4rrtcx

@TwitchOnline 
@TwitchSharing 
@TwitchTV…","701"
"173","989365554854035456","SchlongBob","26/4/2018 04:48:24","20","Yoooooo! https://t.co/eho9YWWsFC","5"
"174","989365571690074112","_ObeyTheCreator","26/4/2018 04:48:28","244","RT @FortniteBTR: Dark Vanguard &amp; Deep Space Lander Giveaway!

Just Retweet This &amp; Follow Me + @InnovateGG To Win✅

Winner Soon","66"
"175","989365571803336704","FortniteNews101","26/4/2018 04:48:28","1","Well. Looks like no more OMG LEGENDARY BURST FOUND, MYTH WAS SWATTED LIVE ON STREAM(Vbucks giveaway) videos anymore… https://t.co/kFWfrDEVXc","0"
"176","989365576886833152","FortniteNews101","26/4/2018 04:48:29","1","my friend stuck grenades on my butt and then I sat on the enemy ","0"
"177","989365591164248065","rostikbec123","26/4/2018 04:48:33","44","RT @TheDuffelBag_: Click link to enter TheDuffelBag's Relaunch Giveaway: https://t.co/oolMOSZp8l

Thank you to @ShortStackLab for working w…","12"
"178","989365615411499008","GodlyKhan","26/4/2018 04:48:38","341","What would people trade for skeleton skin account??","92"
"179","989365619794460672","KirkStreams","26/4/2018 04:48:39","208","RT @UndoneXP: Going live with some #Fortnite in 20min see you then","56"
"180","989365648839983106","wxlf_shark","26/4/2018 04:48:46","3239","Check out BEST CONSOLE PLAYER HERE!! (in your sister's eyes) https://t.co/cBgl1vBn5u

#fortnite #gamer #streamer… https://t.co/YVR1brlie2","875"
"181","989365653705543680","josecachososa","26/4/2018 04:48:48","2685","RT @FortniteFunny: I’m walking right past them and getting on #Fortnite. I have less than a week left to get my John Wick skin","726"
"182","989365662903496704","ig_Obae","26/4/2018 04:48:50","2603","RT @SAGETHEAQ: @twitchtvhost @Twitch #SupportSmallerStreamers #SupportSmallerStreams #twitch #fortnite @FortniteGame https://t.co/lKHi8OQ5g…","704"
"183","989365679215099904","enderguy03","26/4/2018 04:48:54","2","RT @FortniteBTR: Dark Vanguard &amp; Deep Space Lander Giveaway!

Just Retweet This &amp; Follow Me + @InnovateGG To Win✅

Winner Soon","1"
"184","989365681274703872","bryaant24","26/4/2018 04:48:54","80","#fortnite #PS4share https://t.co/NLjocoQL7h","22"
"185","989365727827120128","jjlopez20041","26/4/2018 04:49:05","542","RT @rhettmc: How many times do I have to die in #Fortnite before I’m actually dead inside?","146"
"186","989365737163841536","SGH_RTs","26/4/2018 04:49:07","107","RT @StreamingDatDub: Night Stream &amp; Chill

LIVE NOW #FORTNITE - Come Chat https://t.co/1BLE4rrtcx

@TwitchOnline 
@TwitchSharing 
@TwitchTV…","29"
"187","989365762103033857","JuveHever","26/4/2018 04:49:13","1","RT @StreamMe: We're excited to announce our newest giveaway! Make sure to follow the instructions below, good luck.

#iPhone8 &amp; 2,800 #Fort…","0"
"188","989365768109346816","NuLLocKGaming","26/4/2018 04:49:15","308","RT @theladyfriend1: You guys voted for this! Prepare to watch me play #Fortnite because I guess I'm being a… https://t.co/3oxrDbHl4D","83"
"189","989365771322077185","LeverageL1","26/4/2018 04:49:16","801","RT @Fortnite_BR: This guy was trolling in 50v50 and got what he deserved. #Fortnite

Credit : StealthNinja_X https://t.co/CyfRwdAMb9","216"
"190","989365789764472832","Kaged_N","26/4/2018 04:49:20","4525",,"1223"
"191","989365807196065792","hereticxanthem","26/4/2018 04:49:24","2535","Had an idea, started working on it. Enjoy :D .@FortniteGame https://t.co/V5911cMmL8 #Fortnite #FortniteBR #EPIC #EPICGames #Gaming","685"
"192","989365826447986688","Asperspeay","26/4/2018 04:49:29","0","RT @FortniteBTR: Dark Vanguard &amp; Deep Space Lander Giveaway!

Just Retweet This &amp; Follow Me + @InnovateGG To Win✅

Winner Soon","0"
"193","989365830818267136","Naoya_","26/4/2018 04:49:30","870","RT @mhw_hanayo: 流星群の如く99%散るフォトナを始めて3日くらいの超初心者","235"
"194","989365872526594048","zombieekat","26/4/2018 04:49:40","6448","RT @Fortnite_BR: This guy was trolling in 50v50 and got what he deserved. #Fortnite

Credit : StealthNinja_X https://t.co/CyfRwdAMb9","1743"
"195","989365876183875584","34509","26/4/2018 04:49:41","335",,"91"
"196","989365897272930304","Browstown","26/4/2018 04:49:46","709","RT @TheFortniteBR__: 3,500 V-Bucks Giveaway! 

To Win:

Retweet
Folllow Me @TheFortniteBR__ 
Turn Notifications On For 2X Chance.
Show proo…","192"
"197","989365932110704640","vHyd_","26/4/2018 04:49:54","9872","RT @rhettmc: How many times do I have to die in #Fortnite before I’m actually dead inside?","2668"
"198","989365953514295296","patrickfsho","26/4/2018 04:49:59","16536","#snipesquad #fortnite https://t.co/QG37tjdvm6","4469"
"199","989365956689514496","UAFortnite","26/4/2018 04:50:00","709","10 Minutes left!

2v2 Global 1nD Fortnite Tournament at 1 AM EST / 10 PM PST.

Signup:

#PS4&gt;&gt;… https://t.co/6Hxp3dwHyv","192"
"200","989365953526882305","voiski2525","26/4/2018 04:49:59","6308","こんなの有りましたか？
#Fortnite #PS4share

https://t.co/qcwr8pjBrI https://t.co/re9UXuIck3","1705"
"201","989365961789771776","LewisCorinthian","26/4/2018 04:50:01","650","RT @FortniteBTR: Dark Vanguard &amp; Deep Space Lander Giveaway!

Just Retweet This &amp; Follow Me + @InnovateGG To Win✅

Winner Soon","176"
"202","989365969913970690","tarantino_rocky","26/4/2018 04:50:03","200","RT @BattleRoyaleUK: ","54"
"203","989365971239555073","MoustafaMohd1","26/4/2018 04:50:03","30","RT @NoenNHR: Fast #Fortnite Bunny brawler giveaway+1k v bucks!

Dont play fortnite? Take 25 paypal or any GIFTCARD (any currency)

Retweet…","8"
"204","989366034623852545","adriaangovea","26/4/2018 04:50:18","1737","RT @rhettmc: How many times do I have to die in #Fortnite before I’m actually dead inside?","469"
"205","989366042236506113","LewisCorinthian","26/4/2018 04:50:20","651","RT @FNBRCentral: 7500 V-Bucks Giveaway

Retweet &amp; Follow Me
Follow @BattleRoyaleEN 

Winner Soon
#Fortnite https://t.co/KsvxwU8JJB","176"
"206","989366062314655744","Alois_kaizer","26/4/2018 04:50:25","171","RT @FortniteFrance: ","46"
"207","989366063581290496","iiwikii","26/4/2018 04:50:25","419","RT @FortniteBTR: Dark Vanguard &amp; Deep Space Lander Giveaway!

Just Retweet This &amp; Follow Me + @InnovateGG To Win✅

Winner Soon","113"
"208","989366065640554496","_jeromerose_","26/4/2018 04:50:26","676","Can I just say that Battle Royale saved Fortnite's ass. Fortnite was made just for Save the World then Battle Royal… https://t.co/098RgC7BsE","183"
"209","989366072750039040","JANITORS_BR","26/4/2018 04:50:27","1889","RT @rhettmc: How many times do I have to die in #Fortnite before I’m actually dead inside?","511"
"210","989366088445161472","JuanBRob","26/4/2018 04:50:31","159","RT @wxlf_shark: Check out BEST CONSOLE PLAYER HERE!! (in your sister's eyes) https://t.co/cBgl1vBn5u

#fortnite #gamer #streamer #funny #fu…","43"
"211","989366099694137344","Tazzwolff","26/4/2018 04:50:34","32618","RT @jjessee9: First full stream as a #TwitchAffiliate .  Still just as bad at video games as when I first started.  Playing #Fortnite solos…","8816"
"212","989366101132828672","froz3hunnit","26/4/2018 04:50:34","0","RT @FortniteCA: 1000 V-Bucks Giveaway!

To Win:

Retweet
Follow Me + @fort_give_aways 

Winner in 1 Day!
#Fortnite https://t.co/wphtBbIg1i","0"
"213","989366116031049728","tjullien17","26/4/2018 04:50:38","1696","RT @Bennnzz: CONCOURS ","458"
"214","989366156267057152","TarabishiGaming","26/4/2018 04:50:47","6756","RT @rhettmc: How many times do I have to die in #Fortnite before I’m actually dead inside?","1826"
"215","989366168711348224","ig_Obae","26/4/2018 04:50:50","2614","RT @MindOfYoda: Im live on fort https://t.co/Tl6QTlae0i   #Fortnite #SupportSmallStreamers  @AQUA_EsportsMLG  @Twitch_RT
@Agile_RTs @TwTv_S…","706"
"216","989366167541198849","GameSpider_cm","26/4/2018 04:50:50","96","ez so game
#フォートナイト募集
#フォートナイト
#fortnite
#フォートナイトフレンド募集
#twitch
https://t.co/3zjzE7bFJA https://t.co/l8YAmgp0BJ","26"
"217","989366169801969665","OttoBaughman12","26/4/2018 04:50:51","130","RT @FortniteBTR: Dark Vanguard &amp; Deep Space Lander Giveaway!

Just Retweet This &amp; Follow Me + @InnovateGG To Win✅

Winner Soon","35"
"218","989366175401414657","jonahmaupin24","26/4/2018 04:50:52","469","RT @DotEsportsLive: Lagging on #Fortnite be like 

Credit @XzitThamer https://t.co/a6t9KpUufr","127"
"219","989366184872239104","Slaterius_","26/4/2018 04:50:54","1142","RT @Fortnite_BR: This guy was trolling in 50v50 and got what he deserved. #Fortnite

Credit : StealthNinja_X https://t.co/CyfRwdAMb9","309"
"220","989366186709323777","PeinaTV","26/4/2018 04:50:55","2117","RT @Fortnite_BR: This guy was trolling in 50v50 and got what he deserved. #Fortnite

Credit : StealthNinja_X https://t.co/CyfRwdAMb9","572"
"221","989366194137219072","FireGodLIVE","26/4/2018 04:50:56","78","Pew pew and stuff
https://t.co/rd5Puis7yB

#Fortnite #WOLVfam #TwitchKittens #StreamersConnencted","21"
"222","989366200852537344","AllanLeiteallan","26/4/2018 04:50:58","10","RT @NoenNHR: Fast #Fortnite Bunny brawler giveaway+1k v bucks!

Dont play fortnite? Take 25 paypal or any GIFTCARD (any currency)

Retweet…","3"
"223","989366222226587648","P_P_T_S_","26/4/2018 04:51:03","270","Fortnite Squad @2
PSVC必須　FF外歓迎
#Fortnite #フォートナイト","73"
"224","989366235124195333","caleb_zylstra","26/4/2018 04:51:06","2017","RT @rhettmc: How many times do I have to die in #Fortnite before I’m actually dead inside?","545"
"225","989366247077724160","kokinxx18","26/4/2018 04:51:09","1468","RT @mhw_hanayo: 流星群の如く99%散るフォトナを始めて3日くらいの超初心者","397"
"226","989366269215432704","tom1brouwer","26/4/2018 04:51:14","1642","RT @FortniteBTR: Dark Vanguard &amp; Deep Space Lander Giveaway!

Just Retweet This &amp; Follow Me + @InnovateGG To Win✅

Winner Soon","444"
"227","989366280753958912","JuicySpongy","26/4/2018 04:51:17","830","RT @rhettmc: How many times do I have to die in #Fortnite before I’m actually dead inside?","224"
"228","989366280284180480","twitchBeettus","26/4/2018 04:51:17","137","Sir this is a restricted area, you can't be up here #fortnite #impulse #stream #twitch #xbox #fortniteplayer #dub… https://t.co/RJAH6CSJOj","37"
"229","989366289608138753","LewisCorinthian","26/4/2018 04:51:19","653","RT @FortniteTrendin: ","176"
"230","989366293076828161","jjessee9","26/4/2018 04:51:20","18366","#TwitchAffiliate .  Still just as bad at video games as when I first started.  Playing #Fortnite solos right now. https://t.co/tGJb4PLAzi","4964"
"231","989366305361981440","erikamarlene220","26/4/2018 04:51:23","7275","RT @rhettmc: How many times do I have to die in #Fortnite before I’m actually dead inside?","1966"
"232","989366318213152768","barnet_gary","26/4/2018 04:51:26","77","RT @JacquesAtwoodYT: Enter my Gaming Headset Giveaway: https://t.co/5x4v8X0A1l… #whaspoppin #giveaway #youtuber #vlogger #GiveawayAlert #Yo…","21"
"233","989366363515842560","CupOChai_","26/4/2018 04:51:37","5","RT @FortniteXL: INSANE #FORTNITE 6000 V-BUCKS GIVEAWAY!

All you have to do is:

• Retweet
• Follow us

Comment ''DONE'' to win! Good luck!…","1"
"234","989366365114060801","iAmLOS_","26/4/2018 04:51:37","648","RT @rhettmc: How many times do I have to die in #Fortnite before I’m actually dead inside?","175"
"235","989366376946110464","Bleakeay","26/4/2018 04:51:40","0","RT @FortniteBTR: Dark Vanguard &amp; Deep Space Lander Giveaway!

Just Retweet This &amp; Follow Me + @InnovateGG To Win✅

Winner Soon","0"
"236","989366378451881984","MattLeising56","26/4/2018 04:51:40","12014","RT @rhettmc: How many times do I have to die in #Fortnite before I’m actually dead inside?","3247"
"237","989366382549700608","Crossraphes","26/4/2018 04:51:41","0","RT @FortniteBTR: Dark Vanguard &amp; Deep Space Lander Giveaway!

Just Retweet This &amp; Follow Me + @InnovateGG To Win✅

Winner Soon","0"
"238","989366381895389184","SGolden1162","26/4/2018 04:51:41","169","Played some Fortnite with a friend tonight.  His two other friends kicked ass and we ended up winning in 50 v 50 sq… https://t.co/SVcNP8gEcW","46"
"239","989366389604413440","CalixteGaming","26/4/2018 04:51:43","166","LIVE LIVE LIVE! Check out my new overlay by @athlondude :) I'm gonna be playing #Fortnite first then maybe a bunch… https://t.co/3DPVz8U8O1","45"
"240","989366398844481536","garrettfreitas","26/4/2018 04:51:45","74","RT @BattleRoyaleUK: ","20"
"241","989366410030800898","LewisCorinthian","26/4/2018 04:51:48","655","RT @BattleRoyaleUK: ","177"
"242","989366411620429824","GorskikhNadya","26/4/2018 04:51:48","25","RT @TheDuffelBag_: Click link to enter TheDuffelBag's Relaunch Giveaway: https://t.co/oolMOSZp8l

Thank you to @ShortStackLab for working w…","7"
"243","989366420994772992","v2_wqlf","26/4/2018 04:51:50","13900","RT @FortniteBR: Fortnite Battle Royale Cosmetics for April 26th, 2018 #Fortnite https://t.co/2iU2BOjSWj","3757"
"244","989366437319008256","HyprPounce","26/4/2018 04:51:54","1","#Fortnite #montage #remix #edit https://t.co/gdQBpkiL6o","0"
"245","989366444411572224","xbox_ga","26/4/2018 04:51:56","16","RT @WavyUzumaki: DM me for vbucks if you really want them trynna do thing for people who can’t afford vbucks #Fortnite #ps4 #XboxLive #vbuc…","4"
"246","989366482114174981","sean_wardy","26/4/2018 04:52:05","43262","RT @Fortnite_BR: This guy was trolling in 50v50 and got what he deserved. #Fortnite

Credit : StealthNinja_X https://t.co/CyfRwdAMb9","11692"
"247","989366489072402433","qertex1","26/4/2018 04:52:07","84","RT @Fortnite_BR: This guy was trolling in 50v50 and got what he deserved. #Fortnite

Credit : StealthNinja_X https://t.co/CyfRwdAMb9","23"
"248","989366501365829632","ig_Obae","26/4/2018 04:52:10","2622","RT @SandsLoZ: How'd that bullet taste?? #fortnite @FlyRts @SGH_RTs https://t.co/u4uFfaGMr9","709"
"249","989366507888041984","OscarrSaldanaa","26/4/2018 04:52:11","39356","RT @Forttnite: With Patch v3.6.0, a new area has been added on top of a building at Tilted Towers with signs lying around.

Could this sign…","10637"
"250","989366509104390144","rafaelito_88","26/4/2018 04:52:11","3010","RT @rhettmc: How many times do I have to die in #Fortnite before I’m actually dead inside?","814"
"251","989366526741499904","Exulting_","26/4/2018 04:52:16","589","RT @FortniteBTR: Dark Vanguard &amp; Deep Space Lander Giveaway!

Just Retweet This &amp; Follow Me + @InnovateGG To Win✅

Winner Soon","159"
"252","989366563034705920","faiking1002_R6s","26/4/2018 04:52:24","259","最初に降りたパークで乱闘。仲間が死にソロスクになる。16kill実質ソロスク(笑)ビクトリー！！ #fortnite #フォートナイト

https://t.co/1i2FpcLCbZ https://t.co/f9aFv8BL4N","70"
"253","989366567317028864","Lxr_Rock","26/4/2018 04:52:25","6","Going live on squads with the dudes.  #fortnite on #XboxOneX.
https://t.co/WTw1FfQNed

@ImMiniHorse 
@SupStreamers 
@Retweet_Twitch","2"
"254","989366594810843141","Sainthadez","26/4/2018 04:52:32","3","Follow me on Twitch I stream all kinds of different games. I'm looking to grow my fanbase and collab with other str… https://t.co/bN5Jcy1W34","1"
"255","989366610392645632","SirDookiee","26/4/2018 04:52:36","33","RT @SandsLoZ: How'd that bullet taste?? #fortnite @FlyRts @SGH_RTs https://t.co/u4uFfaGMr9","9"
"256","989366615308369921","DBuljevic7","26/4/2018 04:52:37","15","RT @NoenNHR: Fast #Fortnite Bunny brawler giveaway+1k v bucks!

Dont play fortnite? Take 25 paypal or any GIFTCARD (any currency)

Retweet…","4"
"257","989366619259351040","BTSmochii95","26/4/2018 04:52:38","1211","RT @FortniteBTR: Dark Vanguard &amp; Deep Space Lander Giveaway!

Just Retweet This &amp; Follow Me + @InnovateGG To Win✅

Winner Soon","327"
"258","989366636690817024","JakeOtness","26/4/2018 04:52:42","3211","This has to be a clue. 100k xp?! @barstoolsports @Ninja #fortnite #moistymire #meteoriscoming https://t.co/0qAOuH5a56","868"
"259","989366636724469760","BombAshChick","26/4/2018 04:52:42","861","So this happened today on stream.  I know I didn't stick but felt good regardless. #Fortnite #FortniteBattleRoyale… https://t.co/330qXI4OlS","233"
"260","989366646333730816","ReadySetGame3","26/4/2018 04:52:44","8","RT @PlixehOfficial: MONDAY Streaming Fortnite! #twitch #live #video #game #twitter #fortnite #today #gaming #FortniteBattleRoyale #follow #…","2"
"261","989366670064992256","misamarun29","26/4/2018 04:52:50","4170","RT @Re_LIME: フォートナイトの(紹介?)動画的なのを、簡単にですが作ってみました！
良かったら見てくれると嬉しいです✨

#fortnite
#フォートナイト
#FortniteBattleRoyale https://t.co/suPUctD1nf","1127"
"262","989366669247213568","REAPEROMEGAX","26/4/2018 04:52:50","498","https://t.co/VC2xOzWdmK

#streamkings #Fortnite #Fortniteclips #FortniteBattleRoyale #fortnitecommunity #fortnitebr… https://t.co/7XChFbjZMW","135"
"263","989366672501956608","luc14th","26/4/2018 04:52:50","32316","RT @rhettmc: How many times do I have to die in #Fortnite before I’m actually dead inside?","8734"
"264","989366698284273664","gametokka","26/4/2018 04:52:57","11","PUBGが後発フォートナイトに完全敗北した理由は?
https://t.co/J1fHmy2zPN

#フォートナイト　#FORTNITE 　　#PS4 #ゲーム特化速報　#ゲーム　#フォートナイトフレンド #エイム https://t.co/quxsPWtrOK","3"
"265","989366708480630787","ArkhamGhoul","26/4/2018 04:52:59","6823","Oh shit i wanna go to this https://t.co/qvY2z52Kls","1844"
"266","989366710879711232","Apnoor_gill","26/4/2018 04:53:00","6249","RT @princeayeeeali: 1v7 solo v squad clutch boiii
Imma stop posting all my clips on twitter and start posting all clips on twitch so follow…","1689"
"267","989366725996109824","NocturneSkull","26/4/2018 04:53:03","5275","Buenos dias gente ayer no pude hacer stream de #Fortnite pero si hoy #GTAV del server RIVALGAMERS y mañana por la t… https://t.co/kjDMCoqtfL","1426"
"268","989366731620601856","RASTAFROMCAFE","26/4/2018 04:53:05","3694","RT @THADFROMCAFE: #Fortnite #backtothelobby #Cafesnipers  #PS4share

https://t.co/Tf0Lf39dnl https://t.co/pN3GUKkOck","998"
"269","989366739837255680","NwsOnFortnite","26/4/2018 04:53:06","3207","Justice for 50v50 Troll : https://t.co/A79eUhkTu2 | credits: StealthNinja_X #Fortnite #FortniteBattleRoyale","867"
"270","989366742181928960","TheAphasiaGamer","26/4/2018 04:53:07","1371","I am not looking forward to drive to Kentucky tomorrow. My #anxiety is killin' me! The only way to help me is to play some #Fortnite.","371"
"271","989366752730648576","gio_aguero","26/4/2018 04:53:10","1019","RT @FortniteEA: SORTEO:
GÁNATE 13,500 V-BUCKS.
SIGUE A: @FortniteEA @AltsJesus 
DAR RT Y MG!
MENCIONAR 2 AMIGOS","275"
"272","989366758116085762","AckHDlp","26/4/2018 04:53:11","41","RT @FortniteBTR: Dark Vanguard &amp; Deep Space Lander Giveaway!

Just Retweet This &amp; Follow Me + @InnovateGG To Win✅

Winner Soon","11"
"273","989366765246296065","TheeRicky_","26/4/2018 04:53:13","4185","RT @rhettmc: How many times do I have to die in #Fortnite before I’m actually dead inside?","1131"
"274","989366776537534465","DBuljevic7","26/4/2018 04:53:15","15","RT @FortniteBTR: Dark Vanguard &amp; Deep Space Lander Giveaway!

Just Retweet This &amp; Follow Me + @InnovateGG To Win✅

Winner Soon","4"
"275","989366777275666432","Sifiruis","26/4/2018 04:53:15","2205","YO WE LIVE DUDES!!!

#Fortnite #FortniteBR #Fortnitebattleroyale #stream #streaming #streamer #Facebook… https://t.co/gmVFdRxOER","596"
"276","989366821429145603","AckHDlp","26/4/2018 04:53:26","41","RT @NoenNHR: Fast #Fortnite Bunny brawler giveaway+1k v bucks!

Dont play fortnite? Take 25 paypal or any GIFTCARD (any currency)

Retweet…","11"
"277","989366820690898944","JavShevans","26/4/2018 04:53:26","3025","El nuevo emote esta bien cagado ","818"
"278","989366828626427904","_otyq1","26/4/2018 04:53:28","175","ps4フォートナイ1人拾ってください
ff外からもお願いします
vc Skype discordできます
#フォートナイト
#fortnite","47"
"279","989366833512878080","WwTreywW","26/4/2018 04:53:29","966","RT @UAFortnite: 10 Minutes left!

2v2 Global 1nD Fortnite Tournament at 1 AM EST / 10 PM PST.

Signup:

#PS4&gt;&gt; https://t.co/rRcKv5EtxC

#XB…","261"
"280","989366849316896768","rorikoN_r","26/4/2018 04:53:33","352","RT @CouRageJD: First time throwing the Clinger grenades was a great success. #Fortnite https://t.co/M7ExNX03uI","95"
"281","989366916274892800","iTzNuumite","26/4/2018 04:53:49","727",,"196"
"282","989366965843226624","Younes2702","26/4/2018 04:54:00","1977","RT @TabouleOccident: [#CONCOURS #FORTNITE ] ","534"
"283","989366968309383168","AcePalmer21","26/4/2018 04:54:01","5978","RT @Dexerto: Stick nades + impulse nades + a buddy. #Fortnite

Credit : Davon4L https://t.co/qaVNer3yIh","1616"
"284","989366969555214337","PathofSix","26/4/2018 04:54:01","5","I'll be streaming in about 20 mins. Come join me! https://t.co/dLn0CC9gRb. I'll be playing some #fortnite","1"
"285","989366979403411457","CoolAssassin12","26/4/2018 04:54:04","1914","RT @AwkwrdlyAnmated: @EpicGames Wouldn't it be cool if you got 100 v-bucks for every 10 levels you have at the end of the season? I'm like…","517"
