,Tags
0,LostBoyz
1,MrCheeks
2,FreakyTah
3,RIPFreakyTah
4,PrettyLou
5,SpiggNice
6,Renee
7,Wundertwinz
8,RIPLoveBugStarski
9,FreeSpiggNice
10,rp
11,RIPDash
12,LBFam
13,Snakes
14,TALKNICETUESDAYS
15,QUEENS
16,PHILLY
17,KyahBaby
18,QGTM
19,hiphop
20,HipHop
21,NeverDealtWithPhillyBlunts
22,ThatsForSillyStunts
23,NahTheyBurnSlower
24,LOSTBOYZ
25,KlubH20
26,music
27,lostboyz
28,musicmakesmehigh
29,gullymonworld
30,gullymon
31,mojoe
32,siw
33,ogmb
34,ygmb
35,ybb
36,gmr
37,bobmarley
38,reggae
39,classic
40,ImReady
41,PBV
42,DoItYourself
43,TonyStarkz
44,ZayyOrtiz
45,LitMob6
46,iGotTheRecipe
47,LoveHowItHappens
48,GetFamiliarWithMe
49,NoCap
50,outliers
51,10000hours
52,manbunsandtattoos
53,dreamchasing
54,blackman
55,blackthoughts
56,theyearn
57,classicish
58,ripfreakytah
59,doublelifeclick
60,Qmw
61,QUEENSSTATEOFMIND
62,soundsjustlikeus
63,harlemworld
64,pologrounds
