CALL,telecom
STEAM,pilotage
WARFARE,armed_forces
Measured,prosody
games,lawn_tennis
WARFARE,armed_services
game,game
CALL,card_game
STEAM,cooking
call,telephone
call,cards
Call,telephony
music,vocalizing
Ops,Roman_mythology
Call,athletics
Theology,theology
WARFARE,military
streaming,computer_science
got,baseball
call,athletics
music,music
blood,craniate
Call,telephone
got,commercialism
streaming,computing
earth,electricity
Ironman,sport
Call,card_game
games,tennis
Black,chess_game
Call,telecommunication
voice,metonymy
CALL,telecommunication
CALL,telephone
INFINITE,grammar
CALL,athletics
CALL,sport
call,card_game
call,sport
call,telecommunication
Black,chess
got,baseball_game
call,telephony
Call,cards
Steam,piloting
voice,linguistics
games,game
Theology,divinity
CALL,cards
Steam,preparation
game,tennis
Measured,music
CALL,telephony
blood,vertebrate
WARFARE,military_machine
Steam,pilotage
call,telecom
Vedanta,Sanskrit
STEAM,piloting
Black,draughts
Prepared,music
Call,telecom
STEAM,preparation
Call,sport
STEAM,cookery
Steam,navigation
Measured,metrics
Black,checkers
WARFARE,war_machine
music,singing
got,mercantilism
Ironman,athletics
Steam,cooking
STEAM,navigation
game,lawn_tennis
Vedanta,Sanskritic_language
Steam,cookery
got,commerce
