Black,Shirley_Temple
INFINITE,space
Switch,throw
streamer,waft
quake,palpitate
Black,bleak
call,call
Twitch,twitch
pip,hit
left,entrust
Theology,theology
Black,inglorious
COD,slang
got,bring
COD,cod
call,prognosticate
game,spunky
Duty,duty
game,halt
INFINITE,innumerous
Black,blacken
america,U.S.
Divine,inspired
Prepared,cook
got,scram
music,music
Divinity,deity
Esp,clairvoyance
got,aim
DIVINITY,divinity
Call,yell
CALL,phone
got,bring_forth
Web,WWW
america,United_States
Divine,Lord
CALL,prognosticate
idol,god
Prepared,fix
call,cry
CALL,address
left,lead
Call,scream
Call,send_for
europe,EU
call,birdcall
left,allow_for
Total,tot_up
CALL,phone_call
voice,articulation
Duty,responsibility
twitch,twitch
Superman,loony_toons
call,ring
Cons,flimflam
twitch,jerk
twitch,twinge
Cons,bunco_game
got,capture
COD,gull
Switch,change
left,go_out
CALL,margin_call
Gaming,stake
COD,dupe
streaming,teem
Total,come
quake,quake
Gaming,game
Black,Joseph_Black
got,receive
game,gimpy
Esp,extrasensory_perception
COD,fool
earth,Earth
Sacred,sanctified
Total,full
left,forget
voice,vocalisation
WebSite,web_site
DIVINITY,theology
Divine,godly
RELIGIONS,religious_belief
Prepared,groom
Left,go_forth
Switch,electric_switch
Call,margin_call
got,sire
call,squall
WebSite,website
Switch,interchange
blood,roue
Measured,valuate
Switch,flip
DIVINITY,immortal
Black,inkiness
COD,razz
streaming,pour
zu,Zu
Call,phone_call
Left,odd
Cons,hustle
call,telephone
DIVINITY,divinity_fudge
CALL,ring
Cons,inmate
call,birdsong
Superman,Lucy_in_the_sky_with_diamonds
talent,talent
got,have
streamer,banner
got,sustain
INFINITE,multitudinous
Oblivion,obliviousness
earth,dry_land
call,foretell
got,fetch
pip,pip
earthquake,temblor
duty,duty
voice,voice
Divinity,god
CALL,squall
Cons,confidence_game
voice,spokesperson
got,get_under_one's_skin
earth,worldly_concern
Cons,learn
left,leftfield
left,leave_alone
got,catch
gaming,stake
games,punt
Left,left_hand
got,pose
got,come
Black,blackened
Prepared,inclined
Black,Shirley_Temple_Black
Call,prognosticate
got,grow
streaming,rain_cats_and_dogs
Left,get_out
left,remaining
call,address
streaming,swarm
Prepared,gear_up
Cons,victimize
pip,radar_target
Divine,Divine
twitch,flip
Switch,change_over
got,bugger_off
CALL,Call
CALL,outcry
got,produce
voice,vox
Esp,ESP
Black,pitch-black
Left,allow
divinity,deity
Measured,value
Call,call_in
COD,C.O.D.
got,induce
call,forebode
Black,melanise
mare,mare
call,Call
got,generate
Earthquakes,earthquake
Steam,steam_clean
Superman,superman
got,start_out
idol,graven_image
game,spirited
adolescent,teenage
DUTY,tariff
left,go_away
CALL,telephone_call
earthquake,seism
got,find
RELIGIONS,faith
Black,Black
Left,unexpended
Call,ring
Call,forebode
Call,birdsong
Cons,yardbird
call,call_up
COD,rag
earth,terra_firma
Black,mordant
Call,call
voice,vocalism
Prepared,set_up
got,pay_off
Divine,Maker
twitch,squeeze
Duty,obligation
Left,go_out
Quake,earthquake
Steam,steam
got,engender
Call,telephone_call
DIVINITY,god
Cons,yard_bird
Cons,gyp
Black,dark
game,halting
call,scream
Call,holler
left,pull_up_stakes
blood,descent
Prepared,make
Divinity,theology
Cons,gip
Call,claim
Web,entanglement
left,result
blood,ancestry
Web,vane
Prepared,educate
Switch,shift
got,arrest
COD,cash_on_delivery
COD,put_one_over
Quake,quiver
adolescent,jejune
left,unexpended
got,stick
Black,bootleg
Ironman,iron_man
Divine,Creator
europe,Common_Market
Cons,sting
call,call_off
earth,land
Left,provide
Economics,economics
Left,remaining
left,left_field
call,vociferation
got,become
games,game
got,get_down
CALL,scream
mare,maria
got,take
WebSite,site
Black,grim
Prepared,organise
america,the_States
CALL,claim
Usury,usury
Left,leftover
Sacred,hallowed
Cons,con
Measured,mensural
american,American
Call,name
Divinity,immortal
gaming,play
got,suffer
game,secret_plan
FALLOUT,radioactive_dust
adolescent,teen
Total,tot
game,gritty
Divinity,divinity
Call,phone
Sacred,consecrated
Measured,measured
gaming,punt
Superman,battery-acid
WebSite,internet_site
INFINITE,myriad
INFINITE,unnumberable
DUTY,responsibility
Left,allow_for
got,let
got,go
Web,web
got,set_out
Measured,careful
vacation,holiday
fallout,fallout
streamer,pennon
Left,left_field
Call,cry
Black,blackness
games,plot
blood,line
Dead,abruptly
mare,female_horse
Call,vociferation
got,beat
Switch,substitution
Quake,quake
Cons,memorize
CALL,promise
Switch,electrical_switch
Dead,utter
Left,depart
COD,codfish
Prepared,prepared
left,leave_behind
Earthquakes,seism
got,puzzle
quake,temblor
call,call_option
Cons,convict
Ops,Ops
call,shout
Call,telephone
pip,shoot
Dead,stagnant
Left,give
got,convey
call,phone_call
Divine,cleric
duty,tariff
voice,interpreter
Twitch,pinch
Divinity,divinity_fudge
Quake,seism
CALL,bid
got,baffle
indie,indie
voice,vocalise
Call,foretell
twitch,tweet
got,gravel
blood,rakehell
got,set_about
Prepared,train
Left,left_wing
Superman,acid
blood,rake
blood,lineage
blood,stemma
Cons,short-change
Divine,elysian
Superman,Zen
left,depart
earth,earth
Total,add
game,gamey
Call,Call
Cons,defraud
Left,leave
Streamer,waft
Superman,window_pane
adolescent,adolescent
Prepared,devise
left,get_out
Dead,utterly
got,nonplus
blood,rip
got,obtain
call,name
Total,number
Divine,godlike
Twitch,tweet
Cons,diddle
FALLOUT,fallout
blood,line_of_descent
voice,phonation
Black,ignominious
music,medicine
Economics,political_economy
Switch,swop
adolescent,teenager
Left,left
Switch,exchange
streaming,stream
games,bet_on
got,fix
call,predict
Left,will
Money,money
left,exit
Call,predict
Prepared,fain
got,commence
Black,pitch-dark
got,mystify
adolescent,juvenile
Switch,transposition
pip,mop_up
Dead,short
left,bequeath
Superman,dose
CALL,call_up
Switch,flip-flop
game,gage
twitch,twitching
CALL,hollo
call,phone
Gaming,play
Superman,dot
Left,leave_behind
Twitch,jerk
INFINITE,uncounted
Black,sinister
COD,put_one_across
got,arrive
Dead,dead
COD,COD
Measured,mensurable
quake,earthquake
Superman,Ubermensch
got,develop
Dead,numb
DIVINITY,deity
Divine,Almighty
Prepared,ready
got,drive
Black,opprobrious
Twitch,flip
Left,result
duty,obligation
Prepared,machinate
Measured,deliberate
Economics,economic_science
game,lame
CALL,telephone
Dead,bushed
left,left
Black,fateful
games,stake
Fallout,radioactive_dust
Black,disastrous
got,amaze
Black,disgraceful
game,stake
CALL,call_option
Left,left_over
Total,totality
got,flummox
CALL,call_in
Streamer,streamer
blood,blood
adolescent,stripling
Dead,idle
Cons,swindle
got,draw
american,American_language
INFINITE,innumerable
Superman,back_breaker
Call,call_up
got,contract
Cons,mulct
Prepared,disposed
Black,Negroid
vacation,vacation
left,impart
call,outcry
europe,European_Community
Dead,absolutely
talent,natural_endowment
got,experience
COD,tease
Empire,Empire
Total,add_together
Divine,divine
Switch,switch_over
CALL,predict
Switch,alternate
Black,blackamoor
call,promise
call,yell
europe,EEC
Black,Negro
europe,European_Economic_Community
call,margin_call
COD,tantalize
Cons,hornswoggle
TRIDENT,trident
Superman,pane
Steam,steamer
Call,shout
Fallout,fallout
Prepared,get_up
Total,entire
Dead,beat
left,pass_on
idol,beau_ideal
fallout,radioactive_dust
Twitch,squeeze
CALL,visit
got,perplex
Measured,evaluate
Left,leave_alone
earth,earthly_concern
Esp,second_sight
Cons,goldbrick
twitch,pinch
blood,parentage
game,game
pip,worst
adolescent,puerile
Black,black
talent,endowment
Prepared,prepare
twitch,vellication
divinity,divinity
Divine,ecclesiastic
call,anticipate
got,make
idol,matinee_idol
WARFARE,war
call,shout_out
Esp,E.S.P.
Empire,conglomerate
blood,profligate
gaming,bet_on
COD,tantalise
streaming,well_out
pip,whip
got,incur
Black,contraband
Total,tote_up
got,cause
voice,vocalize
Web,World_Wide_Web
Cons,rook
call,claim
earth,globe
streaming,rain_buckets
Oblivion,oblivion
left,give
Debt,debt
idol,paragon
got,vex
CALL,call
Measured,calculated
Earthquake,temblor
game,back
COD,pod
adolescent,teenaged
Call,address
call,hollo
Sacred,sacred
europe,European_Union
Black,melanize
twitch,nip
game,punt
Switch,permutation
got,mother
Black,pitch_blackness
streaming,streaming
divinity,god
COD,seedcase
zu,Zubird
duty,responsibility
CALL,holler
Black,nigrify
Oblivion,limbo
got,stupefy
Left,forget
left,left_hand
Black,smuggled
Prepared,organize
voice,sound
Twitch,nip
blood,bloodline
Empire,imperium
Cons,scam
COD,bait
Streamer,pennant
Web,network
RELIGIONS,organized_religion
streamer,pennant
CALL,forebode
CALL,birdcall
Web,net
left,leave
call,send_for
Total,aggregate
Cons,nobble
earthquake,earthquake
Prepared,set
Left,impart
Left,exit
Left,go_away
Logo,logotype
STEAM,steam_clean
left,left_over
america,U.S.A.
Dead,drained
Twitch,twinge
Vedanta,Vedanta
game,plot
got,acquire
earth,solid_ground
Black,calamitous
earthquake,quake
INFINITE,unnumerable
got,start
Quake,temblor
voice,vocalization
Twitch,twitching
Streamer,pennon
Divine,God_Almighty
gaming,gaming
pip,blip
call,bid
Measured,assess
Left,pass_on
blood,origin
Superman,Elvis
Total,sum
Black,Black_person
left,leftover
streaming,pelt
Earthquake,earthquake
Divine,Jehovah
Fallout,side_effect
idol,idol
CALL,cry
Gaming,back
Call,song
Usury,vigorish
Dead,deadened
streamer,streamer
Left,left-hand
Black,shameful
Gaming,gambling
quake,quiver
got,stimulate
Dead,suddenly
Left,entrust
Divine,churchman
Left,lead
game,crippled
Cons,confidence_trick
CALL,foretell
Earthquakes,quake
Measured,quantify
Call,hollo
america,America
Black,lightlessness
Switch,swap
pip,spot
quake,seism
idol,perfection
call,visit
CALL,shout
Total,total
quake,tremor
fallout,side_effect
got,beget
got,bewilder
Earthquakes,temblor
blood,blood_line
RELIGIONS,religion
unicorn,unicorn
Gaming,gaming
Switch,trade
Call,shout_out
DUTY,obligation
CALL,birdsong
CALL,anticipate
WARFARE,warfare
game,biz
COD,befool
voice,representative
gaming,game
pip,rack_up
Cons,bunko
Call,promise
left,allow
Total,amount
Black,black-market
gaming,back
Gaming,gage
Call,visit
streaming,pullulate
Cons,memorise
games,biz
game,gamy
CALL,shout_out
Empire,empire
got,buzz_off
call,song
DUTY,duty
europe,Europe
CALL,song
Gaming,punt
Superman,demigod
COD,ride
Measured,mensurate
Quake,tremor
call,telephone_call
american,American_English
INFINITE,countless
FALLOUT,side_effect
INFINITE,infinite
Left,bequeath
Quake,palpitate
STEAM,steamer
Call,bid
Switch,replacement
Black,dim
Measured,measure
COD,take_in
left,left-hand
gaming,gambling
games,back
left,will
Earthquake,seism
games,secret_plan
got,pay_back
INFINITE,non-finite
Measured,metrical
Total,tally
COD,rally
Call,outcry
Total,summate
left,odd
talent,gift
game,bet_on
streaming,cyclosis
Cons,bunko_game
Dead,all_in
Measured,metric
blood,pedigree
Cons,con_game
blood,stock
CALL,vociferation
call,holler
got,fuck_off
Streamer,banner
call,call_in
Call,call_option
Switch,switching
Theology,theological_system
left,provide
CALL,name
Total,add_up
Call,call_off
earth,ground
divinity,divinity_fudge
Measured,appraise
Black,total_darkness
INFINITE,unnumbered
Gaming,bet_on
america,USA
Black,fatal
america,US
CALL,call_off
Measured,measure_out
Total,sum_up
Prepared,develop
Theology,divinity
Logo,logo
COD,twit
Cons,bunco
Switch,switch
Divine,Godhead
games,gage
COD,collect
music,euphony
STEAM,steam
nostalgia,nostalgia
Left,leftfield
Divine,providential
america,United_States_of_America
divinity,immortal
Duty,tariff
got,dumbfound
europe,EC
got,begin
Ironman,ironman
earth,world
Left,pull_up_stakes
game,mettlesome
left,left_wing
Black,smutty
left,go_forth
Call,birdcall
Twitch,vellication
INFINITE,numberless
got,father
got,get
COD,put_on
CALL,yell
divinity,theology
Dead,perfectly
voice,part
gaming,gage
Earthquake,quake
Call,anticipate
CALL,send_for
Switch,tack
COD,taunt
Call,squall
