original,semanic1,semanic2,semanic3,semanic4,semanic5,semanic6,semanic7,semanic8,semanic9
49degreesnorth,snowmobiling,fun,49degreesnorth,blessed,beautiful,49degreesnorth#libtech,ridingtheslopes,We canâ€™t help but reminisce on the face of a full send during Hawaiian Daze!,
abenaki,coloradoturquoise,".
ë“ì´ë„¤ í¬ì°¨ ì˜¤í”ˆğŸ’ğŸ»â€â™‚ï¸",canada,nsturquoise,beautifulturquoisestones,chanel_abenaki,mixedethnicity,halifax,halifaxns
aftonalps,wildflowers,aneasterhike,aftonalps,minnesota,,,,,
alpenglow,sÃ¼dtirol,cortinadampezzo,loveYourMother,californialove,sheadventures,pnwlove,wilderness_culture,douglascounty,schreckhorn
alpental,snoqualmie,sturtevantsports,5thplace,pnwonderland,ridesnowboards,littleskier,52wiesnerwochen,sonnenunterganghimmel,mygermany
alpinemeadows,solotrip,puppiesofinstagram,highlands,alpinemeadows ...#california ....#laketahoe ....#freedorsey ...#Dorseyisfree ....#seasonisneverover ....#mush....#powderdays ....#powderdaysaints ....#ikonpass ...#mountaincollective..#springskiing ...Day,alpinemeadows,squawvalley,takemeback,Whistler,coloradical
alpinevalley,rockandroll,beautifullandscapes,Charmed,"viewofthemountains at @hotelplesnik
Imagine sitting there after an all day hike. We'll definitely be back for some",hairlonger,sceneryphotography,yogaretreat,chiemgaueralpen,outdoorpeople
altaskiresort,protectourwinters,powderhounds,"SanDiego?! Iâ€™m headed to both so letâ€™s connect!
.
#altaskiarea",breathe,crazykids,utahphotographer,closeupphotography,flowerart,altaskiarea
applemountain,officeviews,golf,beauty,golfviews,golfcourse,applemountain,,,
arapahoebasin,,skinning at,jump,coloradical,arapahoebasin after work. Made it to the top for some awesome,winterparkresort,perfectweather,sheadventures,volcom
arizonasnowbowl,perfectweather,board,wedphx,northernpines,hartprairie,flagstaffweddingphotographer,aspencorner,noaz,gotmyskilegsback
aspenhighlands,a6300,aspentrees,highlands,colorado,grateful,broker,lifeisbetterinthemountains,snowmass,winter2019
aspenmountain,artatauction,highlands,154daysinarow,condomÃ­niogramado,AspenMountain closing day was one for the books! @aspendj rocked it at the,coloradical,broker,ikonpass,80s
badgerpass,yosemitenationalpark,Got Myself Into a Staring Contest ğŸ‘,"Hanging Out at 7,200ft
â€œBadger Passâ€
ğŸ¥¾ğŸ”ğŸ¿",basslake,badgerpass,,,,
bearcreekmountainresort,beercans,fallwedding,phillywedding,greatbarnbrewery,beerfest,bearcreekmountainresort,springwedding,brewedinabarn,farmcrafted
bearvalleyskiresort,bearvalleyskiresort,snowboarding,cocktails,calilivin,californialiving,snow,breaktime,perfectdays,livingmybestlife
bearsdenmountain,bearsdenmountain,,,,,,,,
skibeavercreek,liquorstore,SkiResort,cordillera,Mountains,"cmc
#cmcjobs",vail,edwards,wine,VailResorts 
beavermountain,insta,boating,northernutah,water,eagles,mcbride,loganutah,camping,funtimes
beechmountain,throwbackthursday,vallecrucis,malayalamquotes,likeforlikes,minivacay,bowlcut,typo,barharbor,1970s
belleayremountain,catenjoyingtheview,bengalcat,catskillscats,belleayreview,belleayremountain,bengalcatsclub,,,
berkshireeast,stowevermont,mountsnow,"Peugeot 3008 SUV 1.5 BlueHDi 130 GT Line Premium 5Dr Manual [Start Stop] ğŸ“² For More Information, please click the link in bio â˜ Request for Quotation, Please Call: 01753 945102",skitheeast,"Suzuki Swift Hatch 1.2 Dualjet 90 Attitude 5Dr Manual [Start Stop] ğŸ“² For More Information, please click the link in bio â˜ Request for Quotation, Please Call: 01753 945102",jaypeak,berkshireeast,"Mercedes-Benz E Class E200 Saloon 2.0 184 AMG Line 4Dr G-Tronicï¼‹ [Start Stop] ğŸ“² For More Information, please click the link in bio â˜ Request for Quotation, Please Call: 01753 945102",pitcher#victorianbathroom#bathtime#cavershamemporium#winchester#jug#royalberkshirehotel#berkshirehotel#birds#gardenbirds#pottery#china#antique#antiques#choosecaversham#flowers#berkshirehathawayhomeservices#berkshirecounty#berkshirewedding#weddinggifts#anniversarygifts#henleyonthames#berkshirepork#berkshirelife#berkshireeast#victorianterrace#victorianterracerenovation#bradfieldpark#berkshirefarmersmarkets
bigboulderpark,fuckincookin,icecoastlocals,bluemountainresort,nirvana,jfbb,abemartin,exploremore,"byp
Music","hereshecomesnow
Link in Bio for full screen and stereo"
bigskyresort,macys,mooseridge,ExploreBigSky,selfie,womenofpatrol,volcom,sheadventures,montanaphotographer,pondskim
blackhawkskiclub,blackhawkskiclub,ifyoubuildittheywillcome,blackhawkmtb,teamwork,wisco,blessed,mtb is alive and well!!!! had a rad morning volunteering with 40 or so people from the Madison WI area! Seen a 10 year old girl run a back back blower thatâ€™s as big as she was! Swip ğŸ‘‰ğŸ‘‰ğŸ‘‰ So amazing to hang with some great and very passionate people in the woods exited to ride the new and approved sections!,builder,lifestyle
blueknob,skiblueknob,mtblife,skitheknob,blueknobstatepark,ridealpha,telttailua,fullsuspensionbike,mtblove,blueknob 
skibluemountain,winterisalmostover,skiing,kidsyoutubechannel,winterfun,familyfun,youtuber,winter,"snowtubing .
.
.
.
.
#bluemountainskiresort",kidsyoutube
bogusbasin,subaru,necksurgery,funday,heroesinidaho,bikesarefun,bikelife,feelthelove,totalhipreplacement,lookin at all this snow left and wondering if it really has to be over
boltonvalley,vermont,mountsnow,burke,bromley,alpenglow,freeheellife,skiinghistory,magicmountain,middleburysnowbowl
bottineauwinterpark,bottineauwinterpark,,,,,,,,
boynehighlands,chicago,skiing,frosting,golf,golftips,BoyneHighlands,tbt,azkaldi,HarborSprings
boynemountain,waterpark,famtime,boyneterrainparks,heatedoutdoorpools,illustrationartists,egghunt,skimichigan,theresmorethanjustskiing,smile
breckenridge,southdakota,winchcat,vscocamnature,newhomeconstruction,coloradical,goldendoodlelove,selfie,pistenbully400,cirquegoals
brettonwoods,travelholic,PaxBritannica,odyssey,"Bilderberg itu, melalui elang gundul ""SELALU SALAH"" dimata para pendukung",allanwolf,liquidrubber,winter2019,"MULTIPOLARWORLD
...............
.
#Russia,",exchangevisitors
brightonskiresort,brightonracecourse,skiday,birthdayweekend,brightontattooconvention,utahfitfam,utahoutdoors,creative,ikonpass,happyplace
bristolmountain,bristolmountain,,,,,,,,
bromleymountain,earthday,bromleyskipatrol,neature,adventure,landscapes,hiking,gogreen,nature,bromleymountain
brundagemountain,boise,idahome,vacationdelivery,happyeaster,tamaracklodge,hugabunny,hamitup,tamarack,visitmccall
bryceresort,golf,shenco,easter,outdoor,shoegame,hats,mountains,tennis,getaway
burkemountain,vancity,houseinspector,newhome ,pocopubs,homeinspection ,myaura,nourahomes,friyay,vancouverhomeinspector
buttermilkmountain,aspenhighlands,colorado,sci,bummers,goldenretriever,buttermilkmountain,birthday,sci2019,mountains
skicamelback,skiteam,slopes,stornicciskiteam,bluemountainresort,mycamelback,nirvana,jfbb,skilift,skiing
cannonmountain,franconianotch,patspeak ,nhskijumper8,nashobavalley,volklskis ,mentalhealing,spinittowinit,progression,nonprofitinconnecticut
cascademountain,peterlougheed,switzerland,walk,sheadventures,catalunya_natura,exploremore,village,spaintourism,ilovethisplace
cataloocheeskiarea,earthday,sadaloochee,reiemployee,gsmnp,cataloocheeskiarea,cataloochee,,,
cherrypeak,logan,slednecks,mothernature,summer,winter,grateful,ğŸ˜,ğŸ”¥,pow
chestnutmountainresort,midwestdiscers,greengrassbluesky,happy420,discgolf,eastersunday,chestnutmountainresort,,,
skichinapeak,"sassyandbadassey
#chinapeak 
#skichinapeak",SlideFilm,nikkor50mmf18 ğŸ,"Ektachrome100 slide film! My buddy and I went snowboarding for the day in February 2019. Slide film is less forgiving in terms of exposure than color negative film, but when you nail it, it looks fantastic!
I've had good results using my camera's built in light meter, set to matrix metering. I developed this film at home and scanned it using my tablet as a light source and a DSLR as a scanner. I took 9 shots of each frame and stitched them together to create the final, high resolution image.

#35mmfilm",NikonN90s,ektachromeisback,mammothstories,kodak,snowboarding
christmasmountain,wisconsin,christmasmountain,vacation,christmasmountainvillage,bluegreenvacations,pines,,,
skicooper,getoutdoors,leadville spring experience. Community acupuncture at @tworootsacupuncture followed by a skin up,dowhatyoulove,skicooper,,,,,
cooperspur,freedom,wyeast,washington,easter,humanpoweredadventures,climb,winter,hike,"lifeinourplanet 
#adventuresofoz"
coppermountainresort,skiaspen,rockandroll,redgoldenretriever,Copper Mountain Ski Resort.,"TheDarkLord ğŸ™ğŸ¤˜
.
.
#TheStruts",travelholic,colorado,breakfastfoodporn,winterparkresort
skicrestedbutte,Beautiful start to the weekend!!,Saturday morning Townie ride with Goose!,skicrestedbutte,"Do you know how many calories your dog should actually be consuming each day?
.
.
Do you know what your dogâ€™s ideal weight is?
.
.
Did you know that many commercial dog food labels â€œrecommendâ€ you feed your dog more calories than are actually necessary to maintain a healthy weight?
.
.
Remember, their primary goal is to sell more dog food!
.
.
Do you consider calorie content of treats and bones when you feed your dog?
.
.
All of these factors should be considered when determining how much to feed your dog and to help them maintain a healthy weight.",,,,,
crotchedmountain,patspeak ,nashobavalley,volklskis ,skiing,Killington,brettonwoods,nordica,volkl ,snowboarding
crystalmountainmi,michiganskiing,midwest,Thrive,motivation  great,golf,easter,goldensofinstagram,northernmichigan,puremittigan
deermountain,thomasbasin,fitzroy,elchalten,torresdelpaine,colorado,mountcook,mountkatahdin,rmnp,chile
diamondpeak,goldie,progress,hikers,hawaii,gotahoenorth,thriftstorefinds,travelguide,diamondpeak ,thenobody
discoveryskiarea,traveler,travelholic,nature_brilliance,shotoniphone,nature_good,mountains,skilift,skiing,"November 11, 2018 - April 21, 2019. Five mountains, three sets of bindings, two crutches, one broken tailbone, an engagement, and a million and a half memories. This shreddinâ€™ season was insane to say the least, and I loved every frigginâ€™ minute of it. So thankful to live in this beautiful state. â„ï¸ğŸ”"
dodgeridge,Wakeboarding,Fishing,snowturns,winterstavernskiteam,BayArea to,swimming,BearValley,dodgeridgeskiresort,I got two new Zillow reviews today from happy clients. â¤ï¸ If you want your home to sell in 18 hours call me... I kid I kid... ğŸ˜‰ If youâ€™ve been thinking of buying or selling please message me!! dre02025818
donnerskiranch,instasickpix,love,ski,positive,minus7,flightattendant,live,donnerskiranch @donnerskiranch,tahoe
eaglepoint,mylifestyle,Nevada,ashland,wanderers,kw,meat,"arizona 
May 2011
Repost with preset DKSL_C03
Â©ï¸2019 DK Sean Lee All Rights Reserved.
.
.
.
#scenic",canyon,klamathfallsoregon
eatonmountain,moodoftheday,eatingwithview,eastermondaylunch,50farenheit,10celsius,instaeastermonday,mountains,eat,view
eldoramountainresort,lovewhatyoudo,BPM,HeelEdgeAllTheWayDown,eldoramountainresort,colorado,tinshedsports,bouldercounty,TeamSparkleMarmot @eldoramtnresort ğŸŒ,laugh
fourlakes,positivevibes,swingslowshootlow,golf,bogieblues,fourlakesloop,509,beautifulbritishcolumbia,golfpro,EWU
giantsridge,skiresort,villas,golf,villa,giantsridge,MN,enjoythesnow,"After a long winter, Easter ice-out.",Summer is happening today ğŸ˜
goremountain,skiing,GoreMountain,nyskiblog couple more pics from closing day at Gore last week. Hoping for another day at least,ski,skitheeast,newyork ,goremountain,ilovenewyork,"becksTAVERN
#GoreMountainLodge
#TheLodge
#Yurt
#YurtBar
#wpmtrails
#LocalADK
#moregore 
#goremountain
#Adirondacks
#Adirondackmountains
#northcreek
#northcreekny
#NorthCreekADK
#visitnorthcreek"
skigranbyranch,shorttermrental,skigranbyranch,mountaingetaway,coloradorockymountainescape,skigranbyranch @skigranbyranch @onthesnow,granbycolorado,getaway,,
grandtarghee,throwbackthursday,homeiswhereyouparkit,OOBNJ,majestic_earth_,bell,bison,Sundays,marysnipple,canonsl2photography
granlibakken,NorthLakeTahoe,myloves,worldbestgram,Cali,easterbaskets,eastersunday,laketahoe,granlibakkenresort,springbreak
greatbearskivalley,southdakota,siouxfallsrunclub,"siouxfallstrailrunners 
#sfarctrailraceseries 
#greatbearskivalley 
#runsiouxfalls",sodak,siouxfalls,weareheresf,hifromsd,greatbear,greatbearskivalley
spartangreekpeak,MedalAddict,SpartanRace,throwbackthursday,fit,obstacles,OCRAddict,OCRLife,OCRAthlete,training
hansonhills,hansonhills,mountainbike,25degrees,michigan,isthata26â€™r,zoomzoom,mtb,"hansonhills .
.
.
#intensebikes",spring
skiheavenly,pinksnowboard,dontquit,"springskiing 
#laketahoe 
#tahoesouth 
#skiheavenly",ozenoisans,everydayisearthday,heavenlyvillage,emphotoawards,snowblade,specialoffer
hermonmountain,lushvegetation,Israelview,golan,amazing_photo,hermonmountain,israeli ,israel#israeli#igoourisrael,norddisrael,amazing
hiddenvalleypa,swimmingpool preparations are underway ğŸ˜Šâ˜€ï¸,hiddenvalleyresort,lifeathiddenvalley,mountainlifeiscalling,homeownersathiddenvalley,hiddenvalleypa,sun is shining and,,
holimont,union1921,clothing,wild,model,winter,pow,beach,friends,mountains
homewoodmountainresort,Tahoe,tbt,skipatrol,LakeTahoe,homewoodmountainresort,HomewoodMountainResort ğŸ“¸ @cmbaus,,,
huntermountain,glampinghub,pinetrees,meat,flxwine,belleayre,washingtonvilleny,hometown,thecabinstory,raspberrysour
jaypeakresort,sunrise,waterpark,sunriseservice,goggleselfie,wonderful_places,heisrisen,funtime,80sfashion,amazing
junemountain,easternsierrafishing,bristleconepine,troutderby,easter,fishingopener,bigpinelakes,mammothmountain,wildernessculture,eastersunday
kendallmountain,cannonphotography,soworthitmoment,kendallmountain,whiteroom,sanjuanmountainscolorado,bestrideofmylife,skimountaineering,silverton,3700ftofvert
killington,wake,burlingtonvt,skiingbywaterfalls,USA â›·â„ï¸ğŸ‡ºğŸ‡¸â„â›·,commercialconstruction,tags,bassnectar,bhfyp,ikonpass
kingpine,"right @haley.henry
.
.
.
.
.",loghome,realestate,realtorlife,madisonnh,visitnorthconwaynh,kingpine,greenrealtor,loghomeliving
kirkwooddeep,wiggle,mountainfolk,mondaymotivation,board,thereut,RockerDogg,snowboarding,snowboarders,shredding
skileavenworth,skileavenworth,"Lodge is open for summer! 
8 tap handles new menu come check it out 12 to 8 today.",,,,,,,
lookoutpass,skiday,ğŸŒ EARTH DAY! Major views on @ridethehiawatha ğŸš´ğŸ¼â€â™€ï¸ğŸš´ğŸ»â€â™‚ï¸ we live in such a beautiful place!!ğŸŒ²,pnwonderland,mountainsfordays,upperleftusa,funtimes,pondskim,exploremore,skiidaho
loonmountain,family,canada,backflip,This piece is about another Robert Frost poem called â€œHome Burialâ€ which is about a married couple who loses their child and the different ways each of them grieve and the misunderstanding of each others processes of grief..,pub32,alien,sugarloaf,"eblastcall19
#loonparks
#snowboarding 
#loonmountain",loon#pub32
losttrailpowdermountain,losttrail,lineup,slough,getyourtickets,relishingthemoment,summer,collaborate,springbreak2k19,djimavicpro
lutsenmountains,hillcross,snowmobileracing,crosscountrysnowmobileracing,sunburnt,"northshoremn
#grandmarais
#lutsenmountains",snowmobilehillclimb,lutsenmountains,visitcc,skiingtillmay
lyndonoutingclub,vermont,mountsnow,raisingawareness,burke,bromley,magicmountain,skiinghistory,middleburysnowbowl,pico
madriverglenskiitifyoucan,madriverglen,madriverglenskiitifyoucan,MRG will be open through Sunday.... gotta love spring skiing especially when the base is still super deep and itâ€™s all corn.,,,,,,
mammothmountain,,imaydie,puppiesofinstagram,bunnies,fashiongram,pistenbully400,beachbody,californialove,bhfyp
marquettemountain,ilovebees,uppermichigan,mallardducksofinstagram,mallardduck,marquettemichigan,weneedbees,bee,butterfliesofinstagram,marquettemountain
massanutten,wishyouwerehere @tipseatraveler2,noaa,littlegirl,blueridgemountains ,motherhoodphotography,swimming,jump,timeshares,"massanutten, did not disappoint! Definitely coming back, not pictured is the waterpark which was great but I wasnt losing my phone over a pic!"
mohawkmountain,connecticut,civilconservationcorps,mohawkmountain,,,,,,
skimonarch,MonarchMountain,"Professional 
@monarchmountain 
Float like a ğŸ¦‹. String like a ğŸ.",greatincolorado,coloradolife,kayaksonsnow,skimonarch,closingday,PondSkim,helives
montdulac,deli,creperias,cuu,montdulac,,,,,
montripley,no,tattoo,lake,dayoop,keweenawrollerderby,water,yooooop,ice,UP
moosemountain,ridebikes,motorcycleadventure,freedom,proud,dogswhohike,disc,supportyourlocalbikeshop @pedskiwks,bikesarefun,bikelife
mountpleasant,,puppiesofinstagram,hugatree,BlogON,customwedding,"Transformed this babe from foilwork to balayage. Using @redken Freehand and Shades EQ 5nw+ 5n, I created large slants of bright adding depth of low in between. Finished off with a Shades EQ gloss of (3/4) 9V + (1/4) 9GI",bramptonhairsalon,"martorana
",lovewhatyougive
mountsnow,brattleboro,skitouring,dope,drivingby,splitboardlife,carinthiaparks,happyeasterğŸ°,snowboards,skier
mtabram,lovewhatyoudo,mainelife,mtabram,maine,greenwood,carpentry,timberframe,visitmaine,
mtashland,powderhounds,lastturns,mtashlandskiresort,eastboundanddown,ashland,winter2019,SouthernOregon,monster,mtA
mtbachelorskiresort,bendoregon,winterfun,earthday,naturebeauty,optoutside,naturephotography,mtbachelorbikepark,happyearthday,nature
mtbailey,hikers,easter,lephenix,training,cascades,mtsainthelens,portlandia,thenobody,mtbachelor
mtbakerskiarea,throwbackthursday,bellinghamwa,nature â—¦,pnwonderland,bce,gearupgoplay,commercialconstruction,mtsunapee,letsgoo
mtbaldyskilifts,losangeles,springcorn,sanbernadinonationalforest,southcalsnow,ski,socal,snowvalley,thisisbaldy,mtbaldyskilifts
mtbohemia,"ccsa
#mtbohemia 
#jacksonhole
#alta
#barryroubaix 
#michaelfranti 
#ktmrebuild
#msufondo
#missmygreatfriends
#learningtofly
#longwaythruWAWA
#shortcut
#mininijatraining","wifeyvaca 
#boundryexpeditions 
#trackdaysfordays
#omenasummers
#flyfishing
#wmia",motorides,mtbohemia,,,,,
mtbrighton,mtbiking,mtblife,mtbiker,youtubechannel,mountainbikingdog,mtblove,southdownsway,mtbrighton,mountainbikeuk
mtholly,florist,hamilton,florence,brickhouse,skitouring,broker,austinbarnettrealty,norristown,flowerarrangement
mthoodmeadows,,westallis,IRideSideways,bloggerlife,slushy,volcom,funsaturday,health,ShredHood
mtlacrosse,lacrossefamily,lacrosseislife,lacrosseboys,mtlacrosse,lacrosselife,lacrosse,headwaterslacrosse2019,,
mtrose,alonewithmythoughts,runningtoinspireÂ ,"backcountryskiing,",8260,viking,pnwonderland,cattracks,runner,Nevada
mtshastaskipark,burtongrom,SpringRiding,natureonly,snowlife,girlsrule,mountains,giveaway,girlswhoride,burtonkids
mtspokane,sunrise,freedom,obstacles,whostrackingwho,pnwonderland,discovernature,snapfitness,teamwork,corefit
mtsunapee,fresh,vermont,prospecthillhome,"debbycampbell So, Debby dropped this off the other day. Just a very cool piece. Small and wonderful. Vintage Mt.Sunapee. Don't have room for a large piece. This is just right. And it's our mountain.",603,local,skimountain,gallerywall,linstitutcatholiqueparisfrance
mtwaterman,igrefined,sangabrielmountains,earthoutdoors,majestic_earth_,nature_brilliance,landscapephotography,hike,landscape_capture,mountains
nashobavalley,shirleyma,magnoliatree,pepperellma,patspeak ,startyourdayright,nashobavalley,volklskis ,painting,skiing
northeastslopes,vermont,mountsnow,burke,bromley,magicmountain,skiinghistory,middleburysnowbowl,northeastslopes,pico
northstarcaliforniaresort,kirkwoodmountainresort,northstarcaliforniaresort,epicpass,heavenlymountainresort,blackdiamonds,"It took 1.5 days, plenty of swearing, endless snowplowing and watching kids cruise past me shredding like bosses (meanwhile I can barely stop and always secretly wonder if I will fall off the chairlift) that I decided I needed to get my happy meal on and french fry harder. Wide fries for sure, but fries nonetheless! ğŸŸ > ğŸ•",skiingisbetter,skiseason,canitjustbewinteragain
norwaymountain,travelspot,swix,moretoexplore,norwaymountain,mountainoutfit,eastertime,fashiongirl,scandinavia,fashionkiller
okemo,quartz,SkiHouse,buyme,okemovalley,liveauthentic,takemoreadventures,middleburysnowbowl,healingcrystals,crystallover
parkcity,picturepakistan,Casper,islamabad,portraits,theworldshotz,"Helena
",behria,canonasia,nikonasia
patspeak,prormk800,patspeak ,nashobavalley,volklskis ,skiing,skidoo,snowbike,Killington,tbt
pebblecreekskiarea,pebblecreekskiarea,idahome,beautiful,mountains,rvca,nevertolate,addicted,snowboarding,arbor
peeknpeak,peeknpeak,musicandcocktails,jameson,skiresort,livemusic,cocktails,amplifiedmanagement,golfresort,lovemyjob
perfectnorthslopes,fit,mudstash what an,lovemud,experience,fitnessmotivation,perfectnorthslopes,soexcited,,
picomountain,sunrise,azoresislands,lajido,outmyfrontdoor,atraveler,travelenjoyrespect,geography,walk,redbull
pineknob,995hoedown,frankwilliamsjr,joenichols,detroitarchiveco,ramtrucks,joeyvee,homegrownhappyhour @trobertswycd @dteenergymusic,"pineknob ğŸ‚â›·
#skiing",ramnation
pinemountain,switzerland,kw,harriscounty,husbandandwife,whitesburg,woodworking,fitnessmotivation,peacock,wildflowers
plattekill,middletownny,marlboro,childcare,diamondearrings,NewPaltz for some ~ truly delicious ~ treats for the holiday ğŸ£,monroeny,yoga,westpoint,yogainthecatskills
polarpeak,FortniteRune,vorceontop,lose,season8fortnite,ggs,pastel,polarpeak ğŸ—¿ğŸ—»with the âš“ï¸ â›ˆ,ninja,greasygrove
pomerelle,idahooutdoors,exploreidaho,naturegirl,bca,mountains,mountainmagic,natureadventure,mtnchicks,incrediblesnow
potawatomistatepark,"doorcountykayaking,",sturgeonbay,potawatomistatepark ,"boattours,","kayaktours,","bikerental,","potawatomistatepark,",freshwater ,friendship
powdermountain,Provo,snowinthedesert,wasatchbackcountryrescue,ArtistofInstagram,timelapse,powderday,skimanross,plane,IllustrationNow
powderridge,fireattheridge,vtec,mothersday,remaxdynamicproperties,wine,planahead,dinner,thursdays,carvingstations
powderbird,powderbirdheliski,greenland,powderbirdgreenland,powderbird,yeticoolers,heliskiing,backcountryaccess,,
raggedmountain,protectourwinters,photographer,ig_nature,newbritain,lotr,landscapephotography,nofilters,hikingforever,reference
ravenswood,,show,"Breakfast anyone? We're shucking, pouring and topping all day long! 
Great shot @fabsoopark ğŸ˜˜",echo,rojogusano,chicagocomposts,gymsofchicago,disneypintrading,newwork
redlodgemountain,faceplant,easter,406,eat#local,"IndustryNight @PrerogativeKitchen! Here's to all of you that take care of all of us.
20% off every Monday.
Big thanks to @RedLodgeMountain for an amazing 2018/19 season! Come celebrate with us. ğŸ‰ .
ğŸ¿
.
#skiseason",outofcontrol,skiing,"November 11, 2018 - April 21, 2019. Five mountains, three sets of bindings, two crutches, one broken tailbone, an engagement, and a million and a half memories. This shreddinâ€™ season was insane to say the least, and I loved every frigginâ€™ minute of it. So thankful to live in this beautiful state. â„ï¸ğŸ”",imsofast
rubymountain,DigitalArtCO,artbyramses,raftwithme,colorado,rafting,HDR,Panorama,rubymountain,Stars
sevensprings,mindset,worthitâ¤ï¸,clothes,walking,vineyard,grateful,walk,paths,barre
shawneemountain,delawarewatergap,2011,paradisestream,celebration,pennsylvania,shawneemountain,getaway,poconocabin,poconotourism
silvermountain,skibunny,ridemtb,pnwonderland,silvervalley,skifamily,girlsrule,onemillion,descuentoscolombia,lfl
silvertonmountain,westonbackcountry,imightdie,colorado,undisclosedhotspring,ironhorse,backcountry,roadbike,splitboardingistheanswer,silvertonmountain closing weekend. The San Juanâ€™s are the best.
sitzmark,mylifewithlupus,spoonielife,lupus,lovethesefuckers,myjourney,sitzmark,exhausted,chronicbackpain,brew?
skibrule,skiing,michiganskiing,906life,906,springintheup,UpperPeninsula,ironriver,puremichigan,skibrule
skytavern,skytavern,neartheend,snowboarding,,,,,,
smugglersnotch,hurlinghamesmilugar,icecream ,april,funday,maple,foodtalkindia,vodkağŸ¸,middleburysnowbowl,foodography
snowridge,highlands,hillwalking,loves_mountains,mountainsğŸ—»,skitouring,outdoor,landscape,alp,outdoorpassion
snowsnake,Snowsnake,"15
#Carpathian",Avengers,BoyThing,BaronessBlood,Marvel,Sarge,GhostRider,snowsnake
snowsummitbigbear,southerncalifornia,lift,winterfun in,beautiful,bigbearlake,skiing,southerncaliforniaphotographer,naturephotography,snowontheground
snowtrails,tbtuesday,motorsports,walking,snowtrailsoh,traveldiaries,trekking,whip,italianalps,skyrunning
snowvalley,switzerland,fashiongram,æ—¥æœ¬,barrie,"followï½e .
@beauty_worldp",village,hometown,portrait,ç«‹å±±é»’éƒ¨ã‚¢ãƒ«ãƒšãƒ³ãƒ«ãƒ¼ãƒˆ
snowbasinskipatrol,"snowbasinskipatrol for an epic season of powder, freshies, corduroy, whiteouts, wipeouts, learning, growing, soaring, rippin', carving; fresh air, awe-inspiring views, great food and feeling alive!  See you next season!",skiingintherain,newzealand,whatayear,lastday,kiwi,skipatrol,kiwipatrol,snowbasinskipatrol
snowbird,,sierraattahoe,discoverygreen,canyon,skiing in,PrinceEdwardIsland,fullmoon,"ziacajarel for us. 
#datenight",chihuahua_feature
snowhaven,GoodFriday! So weâ€™re gonna celebrate with some @holeyschmidtdonuts ğŸ© âœï¸,snowhaven,,,,,,,
snowshoemountain,aboveclouds,bayarea,mylebanon,realestate,extremeexpedition,cypress,snow @laketahoe.official,obx,snowshoe
snowyrangeski,mountaingirls,telemark,snowyrangeski,skiballet,blackdiamondequipment,,,,
soldiermountain,idahome,skiidaho,idaho,soldiermountain,justpotatoes,"SoldierMountain, bought by Bruce Willis and donated to the town of Fairfield, then sold to an awesome couple from WA. Itâ€™s for sale again, I hear. Anyone wanna buy a ski mountain?",camasprairie,,
solitudeskiresort,solitudebliss,solitudeisgoodforthesoul,solitudeproductions,solitudeandserene,doommetal,solitudepensamentos,landscape,photooftheday,skiing
spiritmountain,mnwedding,gypsylife,visionquest,coucherdesoleil,mnweddingvenue,landscape,momof3,centralmnphotographer,springtimeğŸŒ¸
spoutsprings,spoutspringschurch,fortbragg,dailyscripture,ssc,sanfordnc,spoutsprings,church,spoutspringsnc,fayettevillenc
springmountain,weekendwine,learninghowtodrive,lettering,skitouring,notreally,ä¸­ç¦…å¯ºæ¹–,"blackandwhite
#montagnachepassione",TIP,"ç«œé ­ã®æ©‹
#bluesky"
squawvalleyskiresort,SquawValleySkiResort,#warmweather,SquawValley,laketahoe,AlpineMeadows,LakeTahoe,tahoebluesky,"TheMovieToKeepSquawTrue, and the second courtesy of the @sfchronicle circa 2016! ğŸ’œğŸ’™ğŸ’œğŸ’™",squawvalleyskiresort
skisteamboat,ShredStick,mountainbikingtrails,routtcounty,rmef,springinthemountains,gypsumcolorado,SkiResort,downtownsteamboat,haydencolorado
sterlingforeststatepark,etsysellersofinstagram,bohochic,sterlingforeststatepark,hudsonvalley,supportsmallbusiness,tuxedony,lowerhudsonvalley,boutique,bohostyle
storrshill,skiNH,storrshill,"storrshill
#storrshillskiarea",newhampshire,snowboarding,skijumping,uppervalleyfun @kimballunion @thetfordacademy @deer_street_storrs_hill,lebNH,nordic
skistowe,stowelocal ,stowevermont,vermont,celebrate,beautiful,nosedive,singlechair ,vintagestowe,"skistowe
#stowesnow .
.
.
Thanks for the gear @skisdotcom"
sugarbowlskiresort,bacardidiez,ski#skiing#sugarbowlskiresort#tahoe,bambacardi_sanfrancisco,ski#skiing#sugarbowlskiresort#california#sierra#tahoe, snowboarding,sugarbowl,bacardilime,bambacardi,bacardibanana
sugarbush,day50,daughter,algoma,familyfriendly,yourstoexplore,fortunefarms,StJacobs,ski techniques (lots of fun). What an amazing,maple
suicidesix,vermont,mountsnow,burke,bromley,magicmountain,skiinghistory,middleburysnowbowl,pico,cochransskiarea
sunlightmountain,soleil,soleilblanc,sunlightmountain,winter,instasunshine,snowmontain,paradiski,photomontagne,instasnow
sunrisepark,justsold,onwardandupward,INCHEON,SONGDO,sunrisepark,earthday,SNAPSEED,XPERIA,"fixandflip that was a good project with epic front loaded pool! Learned alot, look forward to the next one âš’â›ğŸ”¨ğŸ”©ğŸ”§âš™"
swissvalley,switzerland,switzerland_bestpix,valleverzasca,reisephotographie,jungfraujochtopofeurope,bliss,emmental,schweizertal,swissphoto
tamarackresort,anastasiabeverlyhills,engagedboise,idahome,mua,gardenvalleywedding,maccosmetics,conciergeservices,boiseid,sanjose
telluride,ampduplimo,,rockandroll,desi,students,converse70s,luststories,coloradical,horny#hornyyyyyyxxxxx 
thehomesteadresort,thehomesteadresort,northernmichigan,customhomes,sketch,johnkerridgearchitect,forsale,,,
theomnihomestead,appreciatenature,easter,springbreak2019,blogger,ontopoftheworld,solohike,happyeastereveryone,viewfromthetop,happyeaster
timberlineskiresort,sonya7ii,a7ii,beautiful,timberlineskiresort,sony24240,gnar,timberlinelodge,upperleftusa,getoutandshoot
trollhaugen,sauce,RideTroll,midwest,film,snowreminder |,winter,slopesapp,beautiful,freestyle
tusseymountain,beastmode,womenwhomove,happygirlskirt,flatme is ready to go though. Go team,rothrockstateforest,ninjawarrior,teamwork,ocr,bikesarefun
skivail,skiaspen,skialps,limoservice,colorado,yukonxl,posh,cordillera,vail,Feelin cute. took a couple of spills and busted my arse later.
wachusettmountain,xh1,advrider,wachusett,bostonbalayage,haircolorideas,fitchburgstateuniversity,masscentralrailtrail in West Boylston last week.,balayageandombre,behindthechair
watervillevalley,lifeisgreat,LiveFree,Summit,artsy,exploremore,Snow,Nature,4000ft,lyss
whaleback,vansbeach,myview,beach,inthemoment,leelanaucounty,moment,leland,leelanau,pyramidpoint
whisperridge,openhouse,staceyburkinsteam,staugustine,bringyourbuyers,cbvlife,homesweethome,whisperridge,,
whitepass,,WhitePass,schoolbus,powpowpow,straightoutofpackwood,homeiswhereyouparkit,dogswhohike,jump,pnwonderland
whitefishmountainresort,montanawedding,patina,whitefishtrail,bearclaw,columbiafalls,metalmonday ,breathwhileyoustillcan,lasallervpark,kalispellbrewing
wildcatmountain,stoppingtime,macrophoto,horseportrait,caninephotography,fauquiercounty,clickinmoms,mtwashington ,home,beautifulspring
willamettepass,willamettepassbackcountryskipatrol,getinvolved,willamettepass,getlost,volunteering,getoutside,willamettepassskipatrol,skihappy,
windhammountain,glampinghub,escapebrooklyn,coffeelover,pictureoftheday,mentalvacation,ahimsa,catskillsmap,chathamny,countryliving
winterparkresort,coloradical,winterparkresort,smileandwave,teamsnowiford,skifashion,ikonpass,"WinterParkResort this weekend, and as a",letsplaysnowboards,80sfashion
wintergreenresort,"wintergreenresort, drinking iced coffee from the cafe next door and starting",mountaingetaway,rvacider,cville,blueridgemountains,vacider,"Who needs a good gals/guys weekend?? ğŸ™‹ğŸ¼â€â™€ï¸ Grab your squad and head to Bold Rock Cidery in Nellysford, VA! ğŸºğŸ",nileswedding2019,nelsoncounty
wolfcreekski,lifeontheroad,easter,colorado,thanksmegan,sorrowstravellog,wishingyouhappyeaster,wolfcreekskiarea,easteregghunt,shibainu
woodsvalley,roxysnowboards,woodsvalley,,,,,,,
yellowstoneclub,ArrigoniWoods,ModernHomes,lifestyleboutique,Design,offgridlife,ElleDecor,bigskycountry,bozemanmontana,cook
