hashtag,synonyms_hashtag
BigLittleLies,LittleMovie 
WandaVision,DeWandaWise 
Avengers,AvengersEndgame 
Avengers,TheAvengers 
Avengers,AvengersEndgame 
Avengers,TheAvengers 
Deadwood,Deadpool 
Deadwood,Deadpool2 
Tribeca,Tribeca2019 
Deadpool2,Deadpool 
Deadpool2,Deadwood 
Avengers,AvengersEndgame 
Avengers,TheAvengers 
SteveRogers,TheAvengers 
SteveRogers,Avengers 
Hollywood,OnceUponATimeInHollywood 
Marvel,CaptainMarvel 
Tribeca,Tribeca2019 
TonyAwards,TonyStark 
Steam,SheRa 
Tribeca,Tribeca2019 
TheTwilightZone,TheLighthouse 
JamesBond,JamesMcAvoy 
MadameX,MadMen 
Tribeca2019,Tribeca 
Prince,Podrick 
StreamingWars,StarWars 
Bones,Bonds25 
Disney,Disneynature 
Disney,DisneysNutcracker 
TheCurseofLaLlorona,LaLlorona 
Disney,Disneynature 
Disney,DisneysNutcracker 
XMen,MadMen 
EndgameEve,Endgame 
Marvel,CaptainMarvel 
Marvel,CaptainMarvel 
Marvel,CaptainMarvel 
EndgameEve,Endgame 
Mavel,Marvel 
TrailerTuesday,TriviaThursday 
Marvel,CaptainMarvel 
Deadpool,Deadpool2 
Deadpool,Deadwood 
DiscountTuesdays,5DollarTuesday 
DoraMovie,JokerMovie 
DoraMovie,GodzillaMovie 
After,AfterParkland 
DiscountTuesdays,5DollarTuesday 
TrailerTuesday,TriviaThursday 
StarWars,StarWarsTheForceAwakens 
StarWars,StarWarsUniverse 
StarWars,StarWarsCelebration 
StarWars,StarWarsCelebration2019 
MissingLink,MissingLinkFilm 
TheHustle,HustleMovie 
Disneynature,Disney 
MissingLink,MissingLinkFilm 
MissingLink,MissingLinkFilm 
LitteMovie,LittleMovie 
LadiesNight,LateNightMovie 
MissingLink,MissingLinkFilm 
LaLlorona,TheCurseofLaLlorona 
MissingLink,MissingLinkFilm 
BreatkthroughMovie,BreakthroughMovie 
AvengerEndgame,AvengersEndgame 
GodzillaKingOfTheMonsters,GodzillaKingoftheMonsters 
ad,Deadwood 
ad,Deadpool2 
ad,MadameX 
ad,TheUmbrellaAcademy 
ad,Deadpool 
ad,LadiesNight 
ad,RoadToEndgame 
ad,Aladdin 
ad,AladdinMovie 
ad,BadBoysForLife 
ad,BadBoys 
ad,SuicideSquad 
ad,badtiming 
ad,Madagascar 
ad,MadMen 
Bonds25,Bond25 
Avengers,AvengersEndgame 
Avengers,TheAvengers 
Aladdin,AladdinMovie 
AladdinMovie,Aladdin 
Avengers,AvengersEndgame 
Avengers,TheAvengers 
Godzilla,GodzillaMovie 
Godzilla,GodzillaKingOfTheMonsters 
Godzilla,GodzillaKingoftheMonsters 
GodzillaKingOfTheMonsters,GodzillaKingoftheMonsters 
SpiderMan,SpiderManIntoTheSpiderVerse 
Godzilla,GodzillaMovie 
Godzilla,GodzillaKingOfTheMonsters 
Godzilla,GodzillaKingoftheMonsters 
CaptainMarvel,Marvel 
Endgame,AvengersEndgame 
Endgame,EndgameEve 
Endgame,DontSpoilTheEndgame 
Endgame,RoadToEndgame 
Endgame,AvengerEndgame 
Endgame,AvengersEndgame 
Endgame,EndgameEve 
Endgame,DontSpoilTheEndgame 
Endgame,RoadToEndgame 
Endgame,AvengerEndgame 
LaLlorona,TheCurseofLaLlorona 
SpiderMan,SpiderManIntoTheSpiderVerse 
ad,Deadwood 
ad,Deadpool2 
ad,MadameX 
ad,TheUmbrellaAcademy 
ad,Deadpool 
ad,LadiesNight 
ad,RoadToEndgame 
ad,Aladdin 
ad,AladdinMovie 
ad,BadBoysForLife 
ad,BadBoys 
ad,SuicideSquad 
ad,badtiming 
ad,Madagascar 
ad,MadMen 
Avengers,AvengersEndgame 
Avengers,TheAvengers 
Avengers,AvengersEndgame 
Avengers,TheAvengers 
UglyDollsMovie,UsMovie 
ad,Deadwood 
ad,Deadpool2 
ad,MadameX 
ad,TheUmbrellaAcademy 
ad,Deadpool 
ad,LadiesNight 
ad,RoadToEndgame 
ad,Aladdin 
ad,AladdinMovie 
ad,BadBoysForLife 
ad,BadBoys 
ad,SuicideSquad 
ad,badtiming 
ad,Madagascar 
ad,MadMen 
Fresh,CertifiedFresh 
DCUSwampThing,SwampThing 
Aladdin,AladdinMovie 
Fresh,CertifiedFresh 
TheLighthouse,TheTwilightZone 
TheLighthouse,TheWitcher 
TheBoysTV,TheBossBaby 
Fresh,CertifiedFresh 
CaptainMarvel,Marvel 
FortheThrone,IronThrone 
TheAvengers,TheRevengers 
TheAvengers,Avengers 
LaLlorona,TheCurseofLaLlorona 
Fresh,CertifiedFresh 
AryaStark,BranStark 
AryaStark,TonyStark 
LaLlorona,TheCurseofLaLlorona 
TheWitcher,TheWire 
BadBoysForLife,BadBoys 
BadBoys,BadBoysForLife 
DCUniverse,StarWarsUniverse 
SwampThing,DCUSwampThing 
TheWire,TheWitcher 
TheBoysTV,TheBossBaby 
InfinityWar,InfinityGauntlet 
InfinityWar,InfinitySTones 
SpiderMan,SpiderManIntoTheSpiderVerse 
LittleWoods,LittleMovie 
LittleWoods,LittleMovie 
TheWitcher,TheWire 
LaLlorona,TheCurseofLaLlorona 
LaLlorona,TheCurseofLaLlorona 
Snowpiercer,SpiderVerse 
Fresh,CertifiedFresh 
SpiderMan,SpiderManIntoTheSpiderVerse 
SwampThing,DCUSwampThing 
MissingLink,MissingLinkFilm 
MissingLinkFilm,MissingLink 
artist,latimes 
Aladdin,AladdinMovie 
artist,latimes 
realtime,latimes 
realtime,winetime 
SpiderManIntoTheSpiderVerse,IntoTheSpiderVerse 
pixar,Pixar 
pixar,Pixar 
IntoTheSpiderVerse,SpiderManIntoTheSpiderVerse 
IntoTheSpiderVerse,SpiderVerse 
TheSecretLifeOfPets2,TheSecretLifeofPets2 
TheHustle,HustleMovie 
TheSecretLifeofPets2,TheSecretLifeOfPets2 
TheSecretLifeofPets2,TheSecretLifeOfPets2 
MAMovie,UsMovie 
DreamWorks,DreamWorksTrolls 
DreamWorks,DreamWorksTrolls 
DreamWorks,DreamWorksTrolls 
DreamWorks,DreamWorksTrolls 
DreamWorks,DreamWorksTrolls 
DreamWorks,DreamWorksTrolls 
DreamWorks,DreamWorksTrolls 
DreamWorks,DreamWorksTrolls 
DreamWorks,DreamWorksTrolls 
AbominableMovie,ElRoyaleMovie 
NationalHighFiveDay,NationalHaikuDay 
NationalHighFiveDay,NationalPetDay 
DreamWorks,DreamWorksTrolls 
DreamWorks,DreamWorksTrolls 
DreamWorks,DreamWorksTrolls 
DreamWorks,DreamWorksTrolls 
DreamWorks,DreamWorksTrolls 
DreamWorks,DreamWorksTrolls 
DreamWorks,DreamWorksTrolls 
DreamWorks,DreamWorksTrolls 
SiblingsDay,NationalSiblingsDay 
DreamWorks,DreamWorksTrolls 
DreamWorks,DreamWorksTrolls 
DreamWorks,DreamWorksTrolls 
DreamWorks,DreamWorksTrolls 
NationalWalkingDay,NationalSiblingsDay 
NationalWalkingDay,NationalHaikuDay 
DreamWorks,DreamWorksTrolls 
AbominableMovie,ElRoyaleMovie 
Trolls,DreamWorksTrolls 
InternationalChildrensBookDay,InternationalWomensDay 
DreamWorks,DreamWorksTrolls 
DreamWorks,DreamWorksTrolls 
Shrek,SheRa 
NationalPromDay,NationalPetDay 
Marvel,CaptainMarvel 
Tribeca2019,Tribeca 
InfinitySTones,InfinityGauntlet 
InfinitySTones,InfinityWar 
NationalTelephoneDay,NationalPetDay 
AlPacino,Aladdin 
TyrionLannister,JaimeLannister 
SwampThing,DCUSwampThing 
IMDb,IMDbMe 
IMDb,IMDbrief 
IMDb,IMDbShow 
IMDb,IMDbAskRussoBros 
EmmaStone,EmmaWatson 
BranStark,AryaStark 
BranStark,TonyStark 
GodzillaKingoftheMonsters,GodzillaKingOfTheMonsters 
IMDbrief,IMDbMe 
IMDbrief,IMDb 
Tyrion,TyrionLannister 
Podrick,Prince 
winetime,realtime 
Tolkien,TolkienMovie 
TolkienMovie,Tolkien 
TolkienMovie,JokerMovie 
MovieQuoteMonday,MovieQuote 
TheCurseofLaLlorona,LaLlorona 
boxoffice,BoxOffice 
Breakthrough,BreakthroughMovie 
JamesMcAvoy,JamesBond 
Batman,Aquaman 
MovieQuote,MovieQuoteMonday 
DeWandaWise,WandaVision 
IronThrone,FortheThrone 
IronThrone,GameofThrones 
XMen,MadMen 
Pixar,pixar 
SesameStreet,BealeStreet 
MadMen,MadameX 
MadMen,XMen 
BoxOffice,boxoffice 
IMDb,IMDbMe 
IMDb,IMDbrief 
IMDb,IMDbShow 
IMDb,IMDbAskRussoBros 
IMDbMe,IMDb 
TonyStark,ToyStory 
TonyStark,ToyStory4 
AndrewGarfield,AskAndrewGarfield 
TuesdayMotivation,MondayMotivation 
StarWars,StarWarsTheForceAwakens 
StarWars,StarWarsUniverse 
StarWars,StarWarsCelebration 
StarWars,StarWarsCelebration2019 
StarWarsUniverse,StarWars 
StarWarsCelebration,StarWarsCelebration2019 
StarWars,StarWarsTheForceAwakens 
StarWars,StarWarsUniverse 
StarWars,StarWarsCelebration 
StarWars,StarWarsCelebration2019 
EmmaWatson,EmmaStone 
StarWarsCelebration,StarWarsCelebration2019 
LateNightMovie,LitteMovie 
LateNightMovie,LittleMovie 
TheGodfather,TheWitcher 
MovieQuoteMonday,MovieQuote 
BSG,RBG 
MondayMood,MondayMotivation 
NationalSiblingsDay,NationalWalkingDay 
NationalSiblingsDay,SiblingsDay 
RBG,BSG 
ViceMovie,LitteMovie 
ViceMovie,LittleMovie 
BealeStreet,SesameStreet 
InternationalWomensDay,InternationalChildrensBookDay 
InternationalWomensDay,MIBInternational 
Aquaman,Batman 
SpiderVerse,IntoTheSpiderVerse 
SpiderVerse,Snowpiercer 
SpiderVerse,SpiderManIntoTheSpiderVerse 
HappyNewYear,HappyNewYear2019 
HappyNewYear,NewYearsEve 
ToyStory,ToyStory4 
NewYearsEve,HappyNewYear 
HappyNewYear2019,HappyNewYear 
ThePredatorHolidaySpecial,ThePredator 
ThePredator,ThePredatorHolidaySpecial 
ThePredator,TheGodfather 
NationalUglySweaterDay,NationalPetDay 
ElRoyaleMovie,AbominableMovie 
InfinityGauntlet,InfinityWar 
InfinityGauntlet,InfinitySTones 
MarcusTheatres,MarcusTheatre 
Endgame,AvengersEndgame 
Endgame,EndgameEve 
Endgame,DontSpoilTheEndgame 
Endgame,RoadToEndgame 
Endgame,AvengerEndgame 
MarcusTheatre,MarcusTheatres 
TheRevengers,TheAvengers 
TheRevengers,Avengers 
Dreamloungers,DreamWorks 
LaLlorona,TheCurseofLaLlorona 
NationalHaikuDay,NationalWalkingDay 
NationalHaikuDay,NationalHighFiveDay 
MarcusTheatre,MarcusTheatres 
MarcusTheatre,MarcusTheatres 
5DollarTuesday,TrailerTuesday 
StarWarsCelebration2019,StarWarsCelebration 
StarWarsCelebration2019,StarWarsCelebration 
MarcusTheatres,MarcusTheatre 
TheSecretLifeOfPets2,TheSecretLifeofPets2 
LaLlorona,TheCurseofLaLlorona 
captainamerica,CaptainAmerica 
Aquaman,Batman 
latimes,realtime 
latimes,artist 
JokerMovie,DoraMovie 
JokerMovie,TolkienMovie 
Longshot,LongShot 
